ts,ccy,rate,quota,reason,inst_id,interval_h
2026-07-20T05:11:59+00:00,LRC,0.00103032,150000.0,short_interval,LRC-USDT-SWAP,1.0
2026-07-20T05:11:59+00:00,BTC,1.392e-05,175.0,control,,0.0
2026-07-20T05:11:59+00:00,ETH,4.128e-05,7000.0,control,,0.0
2026-07-20T05:11:59+00:00,USDT,6.864e-05,5000000.0,control,,0.0
2026-07-20T05:12:38+00:00,LRC,0.00103032,150000.0,short_interval,LRC-USDT-SWAP,1.0
2026-07-20T05:12:38+00:00,BTC,1.392e-05,175.0,control,,0.0
2026-07-20T05:12:38+00:00,ETH,4.128e-05,7000.0,control,,0.0
2026-07-20T05:12:38+00:00,USDT,6.864e-05,5000000.0,control,,0.0
2026-07-20T05:25:40+00:00,LRC,0.00103032,150000.0,short_interval,LRC-USDT-SWAP,1.0
2026-07-20T05:25:40+00:00,BTC,1.392e-05,175.0,control,,0.0
2026-07-20T05:25:40+00:00,ETH,4.128e-05,7000.0,control,,0.0
2026-07-20T05:25:40+00:00,USDT,6.864e-05,5000000.0,control,,0.0
2026-07-20T05:35:50+00:00,LRC,0.00103032,150000.0,short_interval,LRC-USDT-SWAP,1.0
2026-07-20T05:35:50+00:00,BTC,1.392e-05,175.0,control,,0.0
2026-07-20T05:35:50+00:00,ETH,4.128e-05,7000.0,control,,0.0
2026-07-20T05:35:50+00:00,USDT,6.864e-05,5000000.0,control,,0.0
2026-07-20T05:46:00+00:00,LRC,0.00103032,150000.0,short_interval,LRC-USDT-SWAP,1.0
2026-07-20T05:46:00+00:00,BTC,1.392e-05,175.0,control,,0.0
2026-07-20T05:46:00+00:00,ETH,4.128e-05,7000.0,control,,0.0
2026-07-20T05:46:00+00:00,USDT,6.864e-05,5000000.0,control,,0.0
2026-07-20T05:56:11+00:00,LRC,0.00103032,150000.0,short_interval,LRC-USDT-SWAP,1.0
2026-07-20T05:56:11+00:00,BTC,1.392e-05,175.0,control,,0.0
2026-07-20T05:56:11+00:00,ETH,4.128e-05,7000.0,control,,0.0
2026-07-20T05:56:11+00:00,USDT,6.864e-05,5000000.0,control,,0.0
2026-07-20T06:06:21+00:00,LRC,0.00108768,150000.0,short_interval,LRC-USDT-SWAP,1.0
2026-07-20T06:06:21+00:00,BTC,1.392e-05,175.0,control,,0.0
2026-07-20T06:06:21+00:00,ETH,4.128e-05,7000.0,control,,0.0
2026-07-20T06:06:21+00:00,USDT,6.864e-05,5000000.0,control,,0.0
2026-07-20T06:16:32+00:00,LRC,0.00108768,150000.0,short_interval,LRC-USDT-SWAP,1.0
2026-07-20T06:16:32+00:00,BTC,1.392e-05,175.0,control,,0.0
2026-07-20T06:16:32+00:00,ETH,4.128e-05,7000.0,control,,0.0
2026-07-20T06:16:32+00:00,USDT,6.864e-05,5000000.0,control,,0.0
2026-07-20T06:26:42+00:00,LRC,0.00108768,150000.0,short_interval,LRC-USDT-SWAP,1.0
2026-07-20T06:26:42+00:00,BTC,1.392e-05,175.0,control,,0.0
2026-07-20T06:26:42+00:00,ETH,4.128e-05,7000.0,control,,0.0
2026-07-20T06:26:42+00:00,USDT,6.864e-05,5000000.0,control,,0.0
2026-07-20T06:36:52+00:00,LRC,0.00108768,150000.0,short_interval,LRC-USDT-SWAP,1.0
2026-07-20T06:36:52+00:00,BTC,1.392e-05,175.0,control,,0.0
2026-07-20T06:36:52+00:00,ETH,4.128e-05,7000.0,control,,0.0
2026-07-20T06:36:52+00:00,USDT,6.864e-05,5000000.0,control,,0.0
2026-07-20T06:47:02+00:00,LRC,0.00108768,150000.0,short_interval,LRC-USDT-SWAP,1.0
2026-07-20T06:47:02+00:00,BTC,1.392e-05,175.0,control,,0.0
2026-07-20T06:47:02+00:00,ETH,4.128e-05,7000.0,control,,0.0
2026-07-20T06:47:02+00:00,USDT,6.864e-05,5000000.0,control,,0.0
2026-07-20T06:57:12+00:00,LRC,0.00108768,150000.0,short_interval,LRC-USDT-SWAP,1.0
2026-07-20T06:57:12+00:00,BTC,1.392e-05,175.0,control,,0.0
2026-07-20T06:57:12+00:00,ETH,4.128e-05,7000.0,control,,0.0
2026-07-20T06:57:12+00:00,USDT,6.864e-05,5000000.0,control,,0.0
2026-07-20T07:07:23+00:00,LRC,0.00109056,150000.0,short_interval,LRC-USDT-SWAP,1.0
2026-07-20T07:07:23+00:00,BTC,1.392e-05,175.0,control,,0.0
2026-07-20T07:07:23+00:00,ETH,4.128e-05,7000.0,control,,0.0
2026-07-20T07:07:23+00:00,USDT,6.864e-05,5000000.0,control,,0.0
2026-07-20T07:17:32+00:00,LRC,0.00109056,150000.0,short_interval,LRC-USDT-SWAP,1.0
2026-07-20T07:17:32+00:00,BTC,1.392e-05,175.0,control,,0.0
2026-07-20T07:17:32+00:00,ETH,4.128e-05,7000.0,control,,0.0
2026-07-20T07:17:32+00:00,USDT,6.864e-05,5000000.0,control,,0.0
2026-07-20T07:27:42+00:00,LRC,0.00109056,150000.0,short_interval,LRC-USDT-SWAP,1.0
2026-07-20T07:27:42+00:00,BTC,1.392e-05,175.0,control,,0.0
2026-07-20T07:27:42+00:00,ETH,4.128e-05,7000.0,control,,0.0
2026-07-20T07:27:42+00:00,USDT,6.864e-05,5000000.0,control,,0.0
2026-07-20T07:37:52+00:00,LRC,0.00109056,150000.0,short_interval,LRC-USDT-SWAP,1.0
2026-07-20T07:37:52+00:00,BTC,1.392e-05,175.0,control,,0.0
2026-07-20T07:37:52+00:00,ETH,4.128e-05,7000.0,control,,0.0
2026-07-20T07:37:52+00:00,USDT,6.864e-05,5000000.0,control,,0.0
2026-07-20T07:48:02+00:00,LRC,0.00109056,150000.0,short_interval,LRC-USDT-SWAP,1.0
2026-07-20T07:48:02+00:00,BTC,1.392e-05,175.0,control,,0.0
2026-07-20T07:48:02+00:00,ETH,4.128e-05,7000.0,control,,0.0
2026-07-20T07:48:02+00:00,USDT,6.864e-05,5000000.0,control,,0.0
2026-07-20T07:58:12+00:00,LRC,0.00109056,150000.0,short_interval,LRC-USDT-SWAP,1.0
2026-07-20T07:58:12+00:00,BTC,1.392e-05,175.0,control,,0.0
2026-07-20T07:58:12+00:00,ETH,4.128e-05,7000.0,control,,0.0
2026-07-20T07:58:12+00:00,USDT,6.864e-05,5000000.0,control,,0.0
2026-07-21T05:32:15+00:00,LA,,0.0,pinned_at_cap|NOT_BORROWABLE,LA-USDT-SWAP,4.0
2026-07-21T05:32:15+00:00,BTC,1.392e-05,175.0,control,,0.0
2026-07-21T05:32:15+00:00,ETH,4.128e-05,7000.0,control,,0.0
2026-07-21T05:32:15+00:00,USDT,6.864e-05,5000000.0,control,,0.0
2026-07-21T05:42:24+00:00,LA,,0.0,pinned_at_cap|NOT_BORROWABLE,LA-USDT-SWAP,4.0
2026-07-21T05:42:24+00:00,BTC,1.392e-05,175.0,control,,0.0
2026-07-21T05:42:24+00:00,ETH,4.128e-05,7000.0,control,,0.0
2026-07-21T05:42:24+00:00,USDT,6.864e-05,5000000.0,control,,0.0
2026-07-21T05:52:34+00:00,LA,,0.0,pinned_at_cap|NOT_BORROWABLE,LA-USDT-SWAP,4.0
2026-07-21T05:52:34+00:00,BTC,1.392e-05,175.0,control,,0.0
2026-07-21T05:52:34+00:00,ETH,4.128e-05,7000.0,control,,0.0
2026-07-21T05:52:34+00:00,USDT,6.864e-05,5000000.0,control,,0.0
2026-07-21T06:02:44+00:00,LA,,0.0,pinned_at_cap|NOT_BORROWABLE,LA-USDT-SWAP,4.0
2026-07-21T06:02:44+00:00,BTC,1.392e-05,175.0,control,,0.0
2026-07-21T06:02:44+00:00,ETH,4.128e-05,7000.0,control,,0.0
2026-07-21T06:02:44+00:00,USDT,6.864e-05,5000000.0,control,,0.0
2026-07-21T06:12:54+00:00,LA,,0.0,pinned_at_cap|NOT_BORROWABLE,LA-USDT-SWAP,4.0
2026-07-21T06:12:54+00:00,BTC,1.392e-05,175.0,control,,0.0
2026-07-21T06:12:54+00:00,ETH,4.128e-05,7000.0,control,,0.0
2026-07-21T06:12:54+00:00,USDT,6.864e-05,5000000.0,control,,0.0
2026-07-21T06:23:04+00:00,LA,,0.0,pinned_at_cap|NOT_BORROWABLE,LA-USDT-SWAP,4.0
2026-07-21T06:23:04+00:00,BTC,1.392e-05,175.0,control,,0.0
2026-07-21T06:23:04+00:00,ETH,4.128e-05,7000.0,control,,0.0
2026-07-21T06:23:04+00:00,USDT,6.864e-05,5000000.0,control,,0.0
2026-07-21T06:33:15+00:00,LA,,0.0,pinned_at_cap|NOT_BORROWABLE,LA-USDT-SWAP,4.0
2026-07-21T06:33:15+00:00,BTC,1.392e-05,175.0,control,,0.0
2026-07-21T06:33:15+00:00,ETH,4.128e-05,7000.0,control,,0.0
2026-07-21T06:33:15+00:00,USDT,6.864e-05,5000000.0,control,,0.0
2026-07-21T06:43:25+00:00,LA,,0.0,pinned_at_cap|NOT_BORROWABLE,LA-USDT-SWAP,4.0
2026-07-21T06:43:25+00:00,BTC,1.392e-05,175.0,control,,0.0
2026-07-21T06:43:25+00:00,ETH,4.128e-05,7000.0,control,,0.0
2026-07-21T06:43:25+00:00,USDT,6.864e-05,5000000.0,control,,0.0
2026-07-21T06:53:34+00:00,LA,,0.0,pinned_at_cap|NOT_BORROWABLE,LA-USDT-SWAP,4.0
2026-07-21T06:53:34+00:00,BTC,1.392e-05,175.0,control,,0.0
2026-07-21T06:53:34+00:00,ETH,4.128e-05,7000.0,control,,0.0
2026-07-21T06:53:34+00:00,USDT,6.864e-05,5000000.0,control,,0.0
2026-07-21T07:03:45+00:00,LA,,0.0,pinned_at_cap|NOT_BORROWABLE,LA-USDT-SWAP,4.0
2026-07-21T07:03:45+00:00,BTC,1.392e-05,175.0,control,,0.0
2026-07-21T07:03:45+00:00,ETH,4.128e-05,7000.0,control,,0.0
2026-07-21T07:03:45+00:00,USDT,6.864e-05,5000000.0,control,,0.0
2026-07-21T07:13:56+00:00,LA,,0.0,pinned_at_cap|NOT_BORROWABLE,LA-USDT-SWAP,4.0
2026-07-21T07:13:56+00:00,BTC,1.392e-05,175.0,control,,0.0
2026-07-21T07:13:56+00:00,ETH,4.128e-05,7000.0,control,,0.0
2026-07-21T07:13:56+00:00,USDT,6.864e-05,5000000.0,control,,0.0
2026-07-21T07:24:06+00:00,LA,,0.0,pinned_at_cap|NOT_BORROWABLE,LA-USDT-SWAP,4.0
2026-07-21T07:24:06+00:00,BTC,1.392e-05,175.0,control,,0.0
2026-07-21T07:24:06+00:00,ETH,4.128e-05,7000.0,control,,0.0
2026-07-21T07:24:06+00:00,USDT,6.864e-05,5000000.0,control,,0.0
2026-07-21T07:34:17+00:00,LA,,0.0,pinned_at_cap|NOT_BORROWABLE,LA-USDT-SWAP,4.0
2026-07-21T07:34:17+00:00,BTC,1.392e-05,175.0,control,,0.0
2026-07-21T07:34:17+00:00,ETH,4.128e-05,7000.0,control,,0.0
2026-07-21T07:34:17+00:00,USDT,6.864e-05,5000000.0,control,,0.0
2026-07-21T12:09:33+00:00,LA,,0.0,pinned_at_cap|NOT_BORROWABLE,LA-USDT-SWAP,4.0
2026-07-21T12:09:33+00:00,BTC,1.392e-05,175.0,control,,0.0
2026-07-21T12:09:33+00:00,ETH,4.128e-05,7000.0,control,,0.0
2026-07-21T12:09:33+00:00,USDT,6.864e-05,5000000.0,control,,0.0
2026-07-21T12:19:45+00:00,LA,,0.0,pinned_at_cap|NOT_BORROWABLE,LA-USDT-SWAP,4.0
2026-07-21T12:19:45+00:00,BTC,1.392e-05,175.0,control,,0.0
2026-07-21T12:19:45+00:00,ETH,4.128e-05,7000.0,control,,0.0
2026-07-21T12:19:45+00:00,USDT,6.864e-05,5000000.0,control,,0.0
2026-07-21T12:29:57+00:00,LA,,0.0,pinned_at_cap|NOT_BORROWABLE,LA-USDT-SWAP,4.0
2026-07-21T12:29:57+00:00,BTC,1.392e-05,175.0,control,,0.0
2026-07-21T12:29:57+00:00,ETH,4.128e-05,7000.0,control,,0.0
2026-07-21T12:29:57+00:00,USDT,6.864e-05,5000000.0,control,,0.0
2026-07-21T12:40:09+00:00,LA,,0.0,pinned_at_cap|NOT_BORROWABLE,LA-USDT-SWAP,4.0
2026-07-21T12:40:09+00:00,BTC,1.392e-05,175.0,control,,0.0
2026-07-21T12:40:09+00:00,ETH,4.128e-05,7000.0,control,,0.0
2026-07-21T12:40:09+00:00,USDT,6.864e-05,5000000.0,control,,0.0
2026-07-21T12:50:21+00:00,LA,,0.0,pinned_at_cap|NOT_BORROWABLE,LA-USDT-SWAP,4.0
2026-07-21T12:50:21+00:00,BTC,1.392e-05,175.0,control,,0.0
2026-07-21T12:50:21+00:00,ETH,4.128e-05,7000.0,control,,0.0
2026-07-21T12:50:21+00:00,USDT,6.864e-05,5000000.0,control,,0.0
2026-07-21T13:00:33+00:00,LA,,0.0,pinned_at_cap|NOT_BORROWABLE,LA-USDT-SWAP,4.0
2026-07-21T13:00:33+00:00,BTC,1.392e-05,175.0,control,,0.0
2026-07-21T13:00:33+00:00,ETH,4.128e-05,7000.0,control,,0.0
2026-07-21T13:00:33+00:00,USDT,6.864e-05,5000000.0,control,,0.0
2026-07-21T13:10:45+00:00,LA,,0.0,pinned_at_cap|NOT_BORROWABLE,LA-USDT-SWAP,4.0
2026-07-21T13:10:45+00:00,BTC,1.392e-05,175.0,control,,0.0
2026-07-21T13:10:45+00:00,ETH,4.128e-05,7000.0,control,,0.0
2026-07-21T13:10:45+00:00,USDT,6.864e-05,5000000.0,control,,0.0
2026-07-21T13:20:57+00:00,LA,,0.0,pinned_at_cap|NOT_BORROWABLE,LA-USDT-SWAP,4.0
2026-07-21T13:20:57+00:00,BTC,1.392e-05,175.0,control,,0.0
2026-07-21T13:20:57+00:00,ETH,4.128e-05,7000.0,control,,0.0
2026-07-21T13:20:57+00:00,USDT,6.864e-05,5000000.0,control,,0.0
2026-07-21T13:31:10+00:00,LA,,0.0,pinned_at_cap|NOT_BORROWABLE,LA-USDT-SWAP,4.0
2026-07-21T13:31:10+00:00,BTC,1.392e-05,175.0,control,,0.0
2026-07-21T13:31:10+00:00,ETH,4.128e-05,7000.0,control,,0.0
2026-07-21T13:31:10+00:00,USDT,6.864e-05,5000000.0,control,,0.0
2026-07-21T13:41:22+00:00,LA,,0.0,pinned_at_cap|NOT_BORROWABLE,LA-USDT-SWAP,4.0
2026-07-21T13:41:22+00:00,BTC,1.392e-05,175.0,control,,0.0
2026-07-21T13:41:22+00:00,ETH,4.128e-05,7000.0,control,,0.0
2026-07-21T13:41:22+00:00,USDT,6.864e-05,5000000.0,control,,0.0
2026-07-21T13:51:34+00:00,LA,,0.0,pinned_at_cap|NOT_BORROWABLE,LA-USDT-SWAP,4.0
2026-07-21T13:51:34+00:00,BTC,1.392e-05,175.0,control,,0.0
2026-07-21T13:51:34+00:00,ETH,4.128e-05,7000.0,control,,0.0
2026-07-21T13:51:34+00:00,USDT,6.864e-05,5000000.0,control,,0.0
2026-07-21T14:01:47+00:00,LA,,0.0,pinned_at_cap|NOT_BORROWABLE,LA-USDT-SWAP,4.0
2026-07-21T14:01:47+00:00,BTC,1.392e-05,175.0,control,,0.0
2026-07-21T14:01:47+00:00,ETH,4.128e-05,7000.0,control,,0.0
2026-07-21T14:01:47+00:00,USDT,6.864e-05,5000000.0,control,,0.0
2026-07-21T14:22:37+00:00,LA,,0.0,pinned_at_cap|NOT_BORROWABLE,LA-USDT-SWAP,4.0
2026-07-21T14:22:37+00:00,BTC,1.392e-05,175.0,control,,0.0
2026-07-21T14:22:37+00:00,ETH,4.128e-05,7000.0,control,,0.0
2026-07-21T14:22:37+00:00,USDT,6.864e-05,5000000.0,control,,0.0
2026-07-21T14:32:49+00:00,LA,,0.0,pinned_at_cap|NOT_BORROWABLE,LA-USDT-SWAP,4.0
2026-07-21T14:32:49+00:00,BTC,1.392e-05,175.0,control,,0.0
2026-07-21T14:32:49+00:00,ETH,4.128e-05,7000.0,control,,0.0
2026-07-21T14:32:49+00:00,USDT,6.864e-05,5000000.0,control,,0.0
2026-07-21T14:43:01+00:00,LA,,0.0,pinned_at_cap|NOT_BORROWABLE,LA-USDT-SWAP,4.0
2026-07-21T14:43:01+00:00,BTC,1.392e-05,175.0,control,,0.0
2026-07-21T14:43:01+00:00,ETH,4.128e-05,7000.0,control,,0.0
2026-07-21T14:43:01+00:00,USDT,6.864e-05,5000000.0,control,,0.0
2026-07-21T14:53:12+00:00,LA,,0.0,pinned_at_cap|NOT_BORROWABLE,LA-USDT-SWAP,4.0
2026-07-21T14:53:12+00:00,BTC,1.392e-05,175.0,control,,0.0
2026-07-21T14:53:12+00:00,ETH,4.128e-05,7000.0,control,,0.0
2026-07-21T14:53:12+00:00,USDT,6.864e-05,5000000.0,control,,0.0
2026-07-21T15:03:24+00:00,LA,,0.0,pinned_at_cap|NOT_BORROWABLE,LA-USDT-SWAP,4.0
2026-07-21T15:03:24+00:00,ONE,,0.0,pinned_at_cap|NOT_BORROWABLE,ONE-USDT-SWAP,8.0
2026-07-21T15:03:24+00:00,BTC,1.392e-05,175.0,control,,0.0
2026-07-21T15:03:24+00:00,ETH,4.128e-05,7000.0,control,,0.0
2026-07-21T15:03:24+00:00,USDT,6.864e-05,5000000.0,control,,0.0
2026-07-21T15:13:36+00:00,LA,,0.0,pinned_at_cap|NOT_BORROWABLE,LA-USDT-SWAP,4.0
2026-07-21T15:13:36+00:00,ONE,,0.0,pinned_at_cap|NOT_BORROWABLE,ONE-USDT-SWAP,8.0
2026-07-21T15:13:36+00:00,BTC,1.392e-05,175.0,control,,0.0
2026-07-21T15:13:36+00:00,ETH,4.128e-05,7000.0,control,,0.0
2026-07-21T15:13:36+00:00,USDT,6.864e-05,5000000.0,control,,0.0
2026-07-21T15:23:49+00:00,LA,,0.0,pinned_at_cap|NOT_BORROWABLE,LA-USDT-SWAP,4.0
2026-07-21T15:23:49+00:00,ONE,,0.0,pinned_at_cap|NOT_BORROWABLE,ONE-USDT-SWAP,8.0
2026-07-21T15:23:49+00:00,BTC,1.392e-05,175.0,control,,0.0
2026-07-21T15:23:49+00:00,ETH,4.128e-05,7000.0,control,,0.0
2026-07-21T15:23:49+00:00,USDT,6.864e-05,5000000.0,control,,0.0
2026-07-21T15:34:01+00:00,LA,,0.0,pinned_at_cap|NOT_BORROWABLE,LA-USDT-SWAP,4.0
2026-07-21T15:34:01+00:00,ONE,,0.0,pinned_at_cap|NOT_BORROWABLE,ONE-USDT-SWAP,8.0
2026-07-21T15:34:01+00:00,BTC,1.392e-05,175.0,control,,0.0
2026-07-21T15:34:01+00:00,ETH,4.128e-05,7000.0,control,,0.0
2026-07-21T15:34:01+00:00,USDT,6.864e-05,5000000.0,control,,0.0
2026-07-21T15:44:13+00:00,LA,,0.0,pinned_at_cap|NOT_BORROWABLE,LA-USDT-SWAP,4.0
2026-07-21T15:44:13+00:00,ONE,,0.0,pinned_at_cap|NOT_BORROWABLE,ONE-USDT-SWAP,8.0
2026-07-21T15:44:13+00:00,BTC,1.392e-05,175.0,control,,0.0
2026-07-21T15:44:13+00:00,ETH,4.128e-05,7000.0,control,,0.0
2026-07-21T15:44:13+00:00,USDT,6.864e-05,5000000.0,control,,0.0
2026-07-21T15:54:25+00:00,LA,,0.0,pinned_at_cap|NOT_BORROWABLE,LA-USDT-SWAP,4.0
2026-07-21T15:54:25+00:00,ONE,,0.0,pinned_at_cap|NOT_BORROWABLE,ONE-USDT-SWAP,8.0
2026-07-21T15:54:25+00:00,BTC,1.392e-05,175.0,control,,0.0
2026-07-21T15:54:25+00:00,ETH,4.128e-05,7000.0,control,,0.0
2026-07-21T15:54:25+00:00,USDT,6.864e-05,5000000.0,control,,0.0
2026-07-21T16:04:37+00:00,LA,,0.0,pinned_at_cap|NOT_BORROWABLE,LA-USDT-SWAP,2.0
2026-07-21T16:04:37+00:00,ONE,,0.0,pinned_at_cap|NOT_BORROWABLE,ONE-USDT-SWAP,4.0
2026-07-21T16:04:37+00:00,BTC,1.392e-05,175.0,control,,0.0
2026-07-21T16:04:37+00:00,ETH,4.128e-05,7000.0,control,,0.0
2026-07-21T16:04:37+00:00,USDT,6.864e-05,5000000.0,control,,0.0
2026-07-21T16:14:49+00:00,LA,,0.0,pinned_at_cap|NOT_BORROWABLE,LA-USDT-SWAP,2.0
2026-07-21T16:14:49+00:00,ONE,,0.0,pinned_at_cap|NOT_BORROWABLE,ONE-USDT-SWAP,4.0
2026-07-21T16:14:49+00:00,BTC,1.392e-05,175.0,control,,0.0
2026-07-21T16:14:49+00:00,ETH,4.128e-05,7000.0,control,,0.0
2026-07-21T16:14:49+00:00,USDT,6.864e-05,5000000.0,control,,0.0
2026-07-21T16:25:00+00:00,LA,,0.0,pinned_at_cap|NOT_BORROWABLE,LA-USDT-SWAP,2.0
2026-07-21T16:25:00+00:00,ONE,,0.0,pinned_at_cap|NOT_BORROWABLE,ONE-USDT-SWAP,4.0
2026-07-21T16:25:00+00:00,BTC,1.392e-05,175.0,control,,0.0
2026-07-21T16:25:00+00:00,ETH,4.128e-05,7000.0,control,,0.0
2026-07-21T16:25:00+00:00,USDT,6.864e-05,5000000.0,control,,0.0
2026-07-21T16:35:12+00:00,LA,,0.0,pinned_at_cap|NOT_BORROWABLE,LA-USDT-SWAP,2.0
2026-07-21T16:35:12+00:00,ONE,,0.0,pinned_at_cap|NOT_BORROWABLE,ONE-USDT-SWAP,4.0
2026-07-21T16:35:12+00:00,BTC,1.392e-05,175.0,control,,0.0
2026-07-21T16:35:12+00:00,ETH,4.128e-05,7000.0,control,,0.0
2026-07-21T16:35:12+00:00,USDT,6.864e-05,5000000.0,control,,0.0
2026-07-21T16:45:25+00:00,LA,,0.0,pinned_at_cap|NOT_BORROWABLE,LA-USDT-SWAP,2.0
2026-07-21T16:45:25+00:00,ONE,,0.0,pinned_at_cap|NOT_BORROWABLE,ONE-USDT-SWAP,4.0
2026-07-21T16:45:25+00:00,BTC,1.392e-05,175.0,control,,0.0
2026-07-21T16:45:25+00:00,ETH,4.128e-05,7000.0,control,,0.0
2026-07-21T16:45:25+00:00,USDT,6.864e-05,5000000.0,control,,0.0
2026-07-21T16:55:38+00:00,LA,,0.0,pinned_at_cap|NOT_BORROWABLE,LA-USDT-SWAP,2.0
2026-07-21T16:55:38+00:00,ONE,,0.0,pinned_at_cap|NOT_BORROWABLE,ONE-USDT-SWAP,4.0
2026-07-21T16:55:38+00:00,BTC,1.392e-05,175.0,control,,0.0
2026-07-21T16:55:38+00:00,ETH,4.128e-05,7000.0,control,,0.0
2026-07-21T16:55:38+00:00,USDT,6.864e-05,5000000.0,control,,0.0
2026-07-21T17:05:50+00:00,LA,,0.0,pinned_at_cap|NOT_BORROWABLE,LA-USDT-SWAP,2.0
2026-07-21T17:05:50+00:00,ONE,,0.0,pinned_at_cap|NOT_BORROWABLE,ONE-USDT-SWAP,4.0
2026-07-21T17:05:50+00:00,BTC,1.392e-05,175.0,control,,0.0
2026-07-21T17:05:50+00:00,ETH,4.128e-05,7000.0,control,,0.0
2026-07-21T17:05:50+00:00,USDT,6.864e-05,5000000.0,control,,0.0
2026-07-21T17:16:02+00:00,LA,,0.0,pinned_at_cap|NOT_BORROWABLE,LA-USDT-SWAP,2.0
2026-07-21T17:16:02+00:00,ONE,,0.0,pinned_at_cap|NOT_BORROWABLE,ONE-USDT-SWAP,4.0
2026-07-21T17:16:02+00:00,BTC,1.392e-05,175.0,control,,0.0
2026-07-21T17:16:02+00:00,ETH,4.128e-05,7000.0,control,,0.0
2026-07-21T17:16:02+00:00,USDT,6.864e-05,5000000.0,control,,0.0
2026-07-21T17:26:14+00:00,LA,,0.0,pinned_at_cap|NOT_BORROWABLE,LA-USDT-SWAP,2.0
2026-07-21T17:26:14+00:00,ONE,,0.0,pinned_at_cap|NOT_BORROWABLE,ONE-USDT-SWAP,4.0
2026-07-21T17:26:14+00:00,BTC,1.392e-05,175.0,control,,0.0
2026-07-21T17:26:14+00:00,ETH,4.128e-05,7000.0,control,,0.0
2026-07-21T17:26:14+00:00,USDT,6.864e-05,5000000.0,control,,0.0
2026-07-21T17:36:26+00:00,LA,,0.0,pinned_at_cap|NOT_BORROWABLE,LA-USDT-SWAP,2.0
2026-07-21T17:36:26+00:00,ONE,,0.0,pinned_at_cap|NOT_BORROWABLE,ONE-USDT-SWAP,4.0
2026-07-21T17:36:26+00:00,BTC,1.392e-05,175.0,control,,0.0
2026-07-21T17:36:26+00:00,ETH,4.128e-05,7000.0,control,,0.0
2026-07-21T17:36:26+00:00,USDT,6.864e-05,5000000.0,control,,0.0
2026-07-21T17:46:38+00:00,LA,,0.0,pinned_at_cap|NOT_BORROWABLE,LA-USDT-SWAP,2.0
2026-07-21T17:46:38+00:00,ONE,,0.0,pinned_at_cap|NOT_BORROWABLE,ONE-USDT-SWAP,4.0
2026-07-21T17:46:38+00:00,BTC,1.392e-05,175.0,control,,0.0
2026-07-21T17:46:38+00:00,ETH,4.128e-05,7000.0,control,,0.0
2026-07-21T17:46:38+00:00,USDT,6.864e-05,5000000.0,control,,0.0
2026-07-21T17:56:49+00:00,LA,,0.0,pinned_at_cap|NOT_BORROWABLE,LA-USDT-SWAP,2.0
2026-07-21T17:56:49+00:00,ONE,,0.0,pinned_at_cap|NOT_BORROWABLE,ONE-USDT-SWAP,4.0
2026-07-21T17:56:49+00:00,BTC,1.392e-05,175.0,control,,0.0
2026-07-21T17:56:49+00:00,ETH,4.128e-05,7000.0,control,,0.0
2026-07-21T17:56:49+00:00,USDT,6.864e-05,5000000.0,control,,0.0
2026-07-21T18:07:02+00:00,LA,,0.0,short_interval|NOT_BORROWABLE,LA-USDT-SWAP,2.0
2026-07-21T18:07:02+00:00,ONE,,0.0,pinned_at_cap|NOT_BORROWABLE,ONE-USDT-SWAP,4.0
2026-07-21T18:07:02+00:00,BTC,1.392e-05,175.0,control,,0.0
2026-07-21T18:07:02+00:00,ETH,4.128e-05,7000.0,control,,0.0
2026-07-21T18:07:02+00:00,USDT,6.864e-05,5000000.0,control,,0.0
2026-07-21T18:17:14+00:00,LA,,0.0,short_interval|NOT_BORROWABLE,LA-USDT-SWAP,2.0
2026-07-21T18:17:14+00:00,ONE,,0.0,pinned_at_cap|NOT_BORROWABLE,ONE-USDT-SWAP,4.0
2026-07-21T18:17:14+00:00,BTC,1.392e-05,175.0,control,,0.0
2026-07-21T18:17:14+00:00,ETH,4.128e-05,7000.0,control,,0.0
2026-07-21T18:17:14+00:00,USDT,6.864e-05,5000000.0,control,,0.0
2026-07-21T18:27:26+00:00,LA,,0.0,short_interval|NOT_BORROWABLE,LA-USDT-SWAP,2.0
2026-07-21T18:27:26+00:00,ONE,,0.0,pinned_at_cap|NOT_BORROWABLE,ONE-USDT-SWAP,4.0
2026-07-21T18:27:26+00:00,BTC,1.392e-05,175.0,control,,0.0
2026-07-21T18:27:26+00:00,ETH,4.128e-05,7000.0,control,,0.0
2026-07-21T18:27:26+00:00,USDT,6.864e-05,5000000.0,control,,0.0
2026-07-21T18:37:38+00:00,LA,,0.0,short_interval|NOT_BORROWABLE,LA-USDT-SWAP,2.0
2026-07-21T18:37:38+00:00,ONE,,0.0,pinned_at_cap|NOT_BORROWABLE,ONE-USDT-SWAP,4.0
2026-07-21T18:37:38+00:00,BTC,1.392e-05,175.0,control,,0.0
2026-07-21T18:37:38+00:00,ETH,4.128e-05,7000.0,control,,0.0
2026-07-21T18:37:38+00:00,USDT,6.864e-05,5000000.0,control,,0.0
2026-07-21T18:47:50+00:00,LA,,0.0,short_interval|NOT_BORROWABLE,LA-USDT-SWAP,2.0
2026-07-21T18:47:50+00:00,ONE,,0.0,pinned_at_cap|NOT_BORROWABLE,ONE-USDT-SWAP,4.0
2026-07-21T18:47:50+00:00,BTC,1.392e-05,175.0,control,,0.0
2026-07-21T18:47:50+00:00,ETH,4.128e-05,7000.0,control,,0.0
2026-07-21T18:47:50+00:00,USDT,6.864e-05,5000000.0,control,,0.0
2026-07-21T18:58:02+00:00,LA,,0.0,short_interval|NOT_BORROWABLE,LA-USDT-SWAP,2.0
2026-07-21T18:58:02+00:00,ONE,,0.0,pinned_at_cap|NOT_BORROWABLE,ONE-USDT-SWAP,4.0
2026-07-21T18:58:02+00:00,BTC,1.392e-05,175.0,control,,0.0
2026-07-21T18:58:02+00:00,ETH,4.128e-05,7000.0,control,,0.0
2026-07-21T18:58:02+00:00,USDT,6.864e-05,5000000.0,control,,0.0
2026-07-21T19:18:41+00:00,LA,,0.0,short_interval|NOT_BORROWABLE,LA-USDT-SWAP,2.0
2026-07-21T19:18:41+00:00,ONE,,0.0,pinned_at_cap|NOT_BORROWABLE,ONE-USDT-SWAP,4.0
2026-07-21T19:18:41+00:00,BTC,1.392e-05,175.0,control,,0.0
2026-07-21T19:18:41+00:00,ETH,4.128e-05,7000.0,control,,0.0
2026-07-21T19:18:41+00:00,USDT,6.864e-05,5000000.0,control,,0.0
2026-07-21T19:28:53+00:00,LA,,0.0,short_interval|NOT_BORROWABLE,LA-USDT-SWAP,2.0
2026-07-21T19:28:53+00:00,ONE,,0.0,pinned_at_cap|NOT_BORROWABLE,ONE-USDT-SWAP,4.0
2026-07-21T19:28:53+00:00,BTC,1.392e-05,175.0,control,,0.0
2026-07-21T19:28:53+00:00,ETH,4.128e-05,7000.0,control,,0.0
2026-07-21T19:28:53+00:00,USDT,6.864e-05,5000000.0,control,,0.0
2026-07-21T19:39:05+00:00,LA,,0.0,short_interval|NOT_BORROWABLE,LA-USDT-SWAP,2.0
2026-07-21T19:39:05+00:00,ONE,,0.0,pinned_at_cap|NOT_BORROWABLE,ONE-USDT-SWAP,4.0
2026-07-21T19:39:05+00:00,BTC,1.392e-05,175.0,control,,0.0
2026-07-21T19:39:05+00:00,ETH,4.128e-05,7000.0,control,,0.0
2026-07-21T19:39:05+00:00,USDT,6.864e-05,5000000.0,control,,0.0
2026-07-21T19:49:17+00:00,LA,,0.0,short_interval|NOT_BORROWABLE,LA-USDT-SWAP,2.0
2026-07-21T19:49:17+00:00,ONE,,0.0,pinned_at_cap|NOT_BORROWABLE,ONE-USDT-SWAP,4.0
2026-07-21T19:49:17+00:00,BTC,1.392e-05,175.0,control,,0.0
2026-07-21T19:49:17+00:00,ETH,4.128e-05,7000.0,control,,0.0
2026-07-21T19:49:17+00:00,USDT,6.864e-05,5000000.0,control,,0.0
2026-07-21T19:59:29+00:00,LA,,0.0,short_interval|NOT_BORROWABLE,LA-USDT-SWAP,2.0
2026-07-21T19:59:29+00:00,ONE,,0.0,pinned_at_cap|NOT_BORROWABLE,ONE-USDT-SWAP,4.0
2026-07-21T19:59:29+00:00,BTC,1.392e-05,175.0,control,,0.0
2026-07-21T19:59:29+00:00,ETH,4.128e-05,7000.0,control,,0.0
2026-07-21T19:59:29+00:00,USDT,6.864e-05,5000000.0,control,,0.0
2026-07-21T20:09:41+00:00,LA,,0.0,short_interval|NOT_BORROWABLE,LA-USDT-SWAP,2.0
2026-07-21T20:09:41+00:00,BTC,1.392e-05,175.0,control,,0.0
2026-07-21T20:09:41+00:00,ETH,4.128e-05,7000.0,control,,0.0
2026-07-21T20:09:41+00:00,USDT,6.864e-05,5000000.0,control,,0.0
2026-07-21T20:19:53+00:00,LA,,0.0,short_interval|NOT_BORROWABLE,LA-USDT-SWAP,2.0
2026-07-21T20:19:53+00:00,BTC,1.392e-05,175.0,control,,0.0
2026-07-21T20:19:53+00:00,ETH,4.128e-05,7000.0,control,,0.0
2026-07-21T20:19:53+00:00,USDT,6.864e-05,5000000.0,control,,0.0
2026-07-21T20:30:04+00:00,LA,,0.0,short_interval|NOT_BORROWABLE,LA-USDT-SWAP,2.0
2026-07-21T20:30:04+00:00,BTC,1.392e-05,175.0,control,,0.0
2026-07-21T20:30:04+00:00,ETH,4.128e-05,7000.0,control,,0.0
2026-07-21T20:30:04+00:00,USDT,6.864e-05,5000000.0,control,,0.0
2026-07-21T20:40:17+00:00,LA,,0.0,short_interval|NOT_BORROWABLE,LA-USDT-SWAP,2.0
2026-07-21T20:40:17+00:00,BTC,1.392e-05,175.0,control,,0.0
2026-07-21T20:40:17+00:00,ETH,4.128e-05,7000.0,control,,0.0
2026-07-21T20:40:17+00:00,USDT,6.864e-05,5000000.0,control,,0.0
2026-07-21T20:50:29+00:00,LA,,0.0,short_interval|NOT_BORROWABLE,LA-USDT-SWAP,2.0
2026-07-21T20:50:29+00:00,BTC,1.392e-05,175.0,control,,0.0
2026-07-21T20:50:29+00:00,ETH,4.128e-05,7000.0,control,,0.0
2026-07-21T20:50:29+00:00,USDT,6.864e-05,5000000.0,control,,0.0
2026-07-21T21:00:41+00:00,LA,,0.0,short_interval|NOT_BORROWABLE,LA-USDT-SWAP,2.0
2026-07-21T21:00:41+00:00,BTC,1.392e-05,175.0,control,,0.0
2026-07-21T21:00:41+00:00,ETH,4.128e-05,7000.0,control,,0.0
2026-07-21T21:00:41+00:00,USDT,6.864e-05,5000000.0,control,,0.0
2026-07-21T21:10:53+00:00,LA,,0.0,short_interval|NOT_BORROWABLE,LA-USDT-SWAP,2.0
2026-07-21T21:10:53+00:00,BTC,1.392e-05,175.0,control,,0.0
2026-07-21T21:10:53+00:00,ETH,4.128e-05,7000.0,control,,0.0
2026-07-21T21:10:53+00:00,USDT,6.864e-05,5000000.0,control,,0.0
2026-07-21T21:21:05+00:00,LA,,0.0,short_interval|NOT_BORROWABLE,LA-USDT-SWAP,2.0
2026-07-21T21:21:05+00:00,BTC,1.392e-05,175.0,control,,0.0
2026-07-21T21:21:05+00:00,ETH,4.128e-05,7000.0,control,,0.0
2026-07-21T21:21:05+00:00,USDT,6.864e-05,5000000.0,control,,0.0
2026-07-21T21:31:17+00:00,LA,,0.0,short_interval|NOT_BORROWABLE,LA-USDT-SWAP,2.0
2026-07-21T21:31:17+00:00,BTC,1.392e-05,175.0,control,,0.0
2026-07-21T21:31:17+00:00,ETH,4.128e-05,7000.0,control,,0.0
2026-07-21T21:31:17+00:00,USDT,6.864e-05,5000000.0,control,,0.0
2026-07-21T21:41:29+00:00,LA,,0.0,short_interval|NOT_BORROWABLE,LA-USDT-SWAP,2.0
2026-07-21T21:41:29+00:00,BTC,1.392e-05,175.0,control,,0.0
2026-07-21T21:41:29+00:00,ETH,4.128e-05,7000.0,control,,0.0
2026-07-21T21:41:29+00:00,USDT,6.864e-05,5000000.0,control,,0.0
2026-07-21T21:51:41+00:00,LA,,0.0,short_interval|NOT_BORROWABLE,LA-USDT-SWAP,2.0
2026-07-21T21:51:41+00:00,BTC,1.392e-05,175.0,control,,0.0
2026-07-21T21:51:41+00:00,ETH,4.128e-05,7000.0,control,,0.0
2026-07-21T21:51:41+00:00,USDT,6.864e-05,5000000.0,control,,0.0
2026-07-21T22:01:53+00:00,LA,,0.0,short_interval|NOT_BORROWABLE,LA-USDT-SWAP,2.0
2026-07-21T22:01:53+00:00,BTC,1.392e-05,175.0,control,,0.0
2026-07-21T22:01:53+00:00,ETH,4.128e-05,7000.0,control,,0.0
2026-07-21T22:01:53+00:00,USDT,6.864e-05,5000000.0,control,,0.0
2026-07-21T22:12:05+00:00,LA,,0.0,short_interval|NOT_BORROWABLE,LA-USDT-SWAP,2.0
2026-07-21T22:12:05+00:00,BTC,1.392e-05,175.0,control,,0.0
2026-07-21T22:12:05+00:00,ETH,4.128e-05,7000.0,control,,0.0
2026-07-21T22:12:05+00:00,USDT,6.864e-05,5000000.0,control,,0.0
2026-07-21T22:22:17+00:00,LA,,0.0,short_interval|NOT_BORROWABLE,LA-USDT-SWAP,2.0
2026-07-21T22:22:17+00:00,BTC,1.392e-05,175.0,control,,0.0
2026-07-21T22:22:17+00:00,ETH,4.128e-05,7000.0,control,,0.0
2026-07-21T22:22:17+00:00,USDT,6.864e-05,5000000.0,control,,0.0
2026-07-21T22:32:29+00:00,LA,,0.0,short_interval|NOT_BORROWABLE,LA-USDT-SWAP,2.0
2026-07-21T22:32:29+00:00,BTC,1.392e-05,175.0,control,,0.0
2026-07-21T22:32:29+00:00,ETH,4.128e-05,7000.0,control,,0.0
2026-07-21T22:32:29+00:00,USDT,6.864e-05,5000000.0,control,,0.0
2026-07-21T22:42:42+00:00,LA,,0.0,short_interval|NOT_BORROWABLE,LA-USDT-SWAP,2.0
2026-07-21T22:42:42+00:00,BTC,1.392e-05,175.0,control,,0.0
2026-07-21T22:42:42+00:00,ETH,4.128e-05,7000.0,control,,0.0
2026-07-21T22:42:42+00:00,USDT,6.864e-05,5000000.0,control,,0.0
2026-07-21T22:52:55+00:00,LA,,0.0,short_interval|NOT_BORROWABLE,LA-USDT-SWAP,2.0
2026-07-21T22:52:55+00:00,BTC,1.392e-05,175.0,control,,0.0
2026-07-21T22:52:55+00:00,ETH,4.128e-05,7000.0,control,,0.0
2026-07-21T22:52:55+00:00,USDT,6.864e-05,5000000.0,control,,0.0
2026-07-21T23:03:07+00:00,LA,,0.0,short_interval|NOT_BORROWABLE,LA-USDT-SWAP,2.0
2026-07-21T23:03:07+00:00,BTC,1.392e-05,175.0,control,,0.0
2026-07-21T23:03:07+00:00,ETH,4.128e-05,7000.0,control,,0.0
2026-07-21T23:03:07+00:00,USDT,6.864e-05,5000000.0,control,,0.0
2026-07-21T23:13:19+00:00,LA,,0.0,short_interval|NOT_BORROWABLE,LA-USDT-SWAP,2.0
2026-07-21T23:13:19+00:00,BTC,1.392e-05,175.0,control,,0.0
2026-07-21T23:13:19+00:00,ETH,4.128e-05,7000.0,control,,0.0
2026-07-21T23:13:19+00:00,USDT,6.864e-05,5000000.0,control,,0.0
2026-07-21T23:23:31+00:00,LA,,0.0,short_interval|NOT_BORROWABLE,LA-USDT-SWAP,2.0
2026-07-21T23:23:31+00:00,BTC,1.392e-05,175.0,control,,0.0
2026-07-21T23:23:31+00:00,ETH,4.128e-05,7000.0,control,,0.0
2026-07-21T23:23:31+00:00,USDT,6.864e-05,5000000.0,control,,0.0
2026-07-21T23:33:42+00:00,LA,,0.0,short_interval|NOT_BORROWABLE,LA-USDT-SWAP,2.0
2026-07-21T23:33:42+00:00,BTC,1.392e-05,175.0,control,,0.0
2026-07-21T23:33:42+00:00,ETH,4.128e-05,7000.0,control,,0.0
2026-07-21T23:33:42+00:00,USDT,6.864e-05,5000000.0,control,,0.0
2026-07-21T23:43:54+00:00,LA,,0.0,short_interval|NOT_BORROWABLE,LA-USDT-SWAP,2.0
2026-07-21T23:43:54+00:00,BTC,1.392e-05,175.0,control,,0.0
2026-07-21T23:43:54+00:00,ETH,4.128e-05,7000.0,control,,0.0
2026-07-21T23:43:54+00:00,USDT,6.864e-05,5000000.0,control,,0.0
2026-07-21T23:54:06+00:00,LA,,0.0,short_interval|NOT_BORROWABLE,LA-USDT-SWAP,2.0
2026-07-21T23:54:06+00:00,BTC,1.392e-05,175.0,control,,0.0
2026-07-21T23:54:06+00:00,ETH,4.128e-05,7000.0,control,,0.0
2026-07-21T23:54:06+00:00,USDT,6.864e-05,5000000.0,control,,0.0
2026-07-22T00:14:52+00:00,LA,,0.0,short_interval|NOT_BORROWABLE,LA-USDT-SWAP,2.0
2026-07-22T00:14:52+00:00,BTC,1.392e-05,175.0,control,,0.0
2026-07-22T00:14:52+00:00,ETH,4.128e-05,7000.0,control,,0.0
2026-07-22T00:14:52+00:00,USDT,6.864e-05,5000000.0,control,,0.0
2026-07-22T00:25:07+00:00,LA,,0.0,short_interval|NOT_BORROWABLE,LA-USDT-SWAP,2.0
2026-07-22T00:25:07+00:00,BTC,1.392e-05,175.0,control,,0.0
2026-07-22T00:25:07+00:00,ETH,4.128e-05,7000.0,control,,0.0
2026-07-22T00:25:07+00:00,USDT,6.864e-05,5000000.0,control,,0.0
2026-07-22T00:35:20+00:00,LA,,0.0,short_interval|NOT_BORROWABLE,LA-USDT-SWAP,2.0
2026-07-22T00:35:20+00:00,BTC,1.392e-05,175.0,control,,0.0
2026-07-22T00:35:20+00:00,ETH,4.128e-05,7000.0,control,,0.0
2026-07-22T00:35:20+00:00,USDT,6.864e-05,5000000.0,control,,0.0
2026-07-22T00:45:33+00:00,LA,,0.0,short_interval|NOT_BORROWABLE,LA-USDT-SWAP,2.0
2026-07-22T00:45:33+00:00,BTC,1.392e-05,175.0,control,,0.0
2026-07-22T00:45:33+00:00,ETH,4.128e-05,7000.0,control,,0.0
2026-07-22T00:45:33+00:00,USDT,6.864e-05,5000000.0,control,,0.0
2026-07-22T00:55:48+00:00,LA,,0.0,short_interval|NOT_BORROWABLE,LA-USDT-SWAP,2.0
2026-07-22T00:55:48+00:00,BTC,1.392e-05,175.0,control,,0.0
2026-07-22T00:55:48+00:00,ETH,4.128e-05,7000.0,control,,0.0
2026-07-22T00:55:48+00:00,USDT,6.864e-05,5000000.0,control,,0.0
2026-07-22T01:06:03+00:00,LA,,0.0,short_interval|NOT_BORROWABLE,LA-USDT-SWAP,2.0
2026-07-22T01:06:03+00:00,BTC,1.392e-05,175.0,control,,0.0
2026-07-22T01:06:03+00:00,ETH,4.128e-05,7000.0,control,,0.0
2026-07-22T01:06:03+00:00,USDT,6.864e-05,5000000.0,control,,0.0
2026-07-22T01:16:17+00:00,LA,,0.0,short_interval|NOT_BORROWABLE,LA-USDT-SWAP,2.0
2026-07-22T01:16:17+00:00,BTC,1.392e-05,175.0,control,,0.0
2026-07-22T01:16:17+00:00,ETH,4.128e-05,7000.0,control,,0.0
2026-07-22T01:16:17+00:00,USDT,6.864e-05,5000000.0,control,,0.0
2026-07-22T01:26:31+00:00,LA,,0.0,short_interval|NOT_BORROWABLE,LA-USDT-SWAP,2.0
2026-07-22T01:26:31+00:00,BTC,1.392e-05,175.0,control,,0.0
2026-07-22T01:26:31+00:00,ETH,4.128e-05,7000.0,control,,0.0
2026-07-22T01:26:31+00:00,USDT,6.864e-05,5000000.0,control,,0.0
2026-07-22T01:36:45+00:00,LA,,0.0,short_interval|NOT_BORROWABLE,LA-USDT-SWAP,2.0
2026-07-22T01:36:45+00:00,BTC,1.392e-05,175.0,control,,0.0
2026-07-22T01:36:45+00:00,ETH,4.128e-05,7000.0,control,,0.0
2026-07-22T01:36:45+00:00,USDT,6.864e-05,5000000.0,control,,0.0
2026-07-22T01:46:58+00:00,LA,,0.0,short_interval|NOT_BORROWABLE,LA-USDT-SWAP,2.0
2026-07-22T01:46:58+00:00,BTC,1.392e-05,175.0,control,,0.0
2026-07-22T01:46:58+00:00,ETH,4.128e-05,7000.0,control,,0.0
2026-07-22T01:46:58+00:00,USDT,6.864e-05,5000000.0,control,,0.0
2026-07-22T01:57:11+00:00,LA,,0.0,short_interval|NOT_BORROWABLE,LA-USDT-SWAP,2.0
2026-07-22T01:57:11+00:00,BTC,1.392e-05,175.0,control,,0.0
2026-07-22T01:57:11+00:00,ETH,4.128e-05,7000.0,control,,0.0
2026-07-22T01:57:11+00:00,USDT,6.864e-05,5000000.0,control,,0.0
2026-07-22T02:07:24+00:00,LA,,0.0,short_interval|NOT_BORROWABLE,LA-USDT-SWAP,2.0
2026-07-22T02:07:24+00:00,BTC,1.392e-05,175.0,control,,0.0
2026-07-22T02:07:24+00:00,ETH,4.128e-05,7000.0,control,,0.0
2026-07-22T02:07:24+00:00,USDT,6.864e-05,5000000.0,control,,0.0
2026-07-22T02:17:37+00:00,LA,,0.0,short_interval|NOT_BORROWABLE,LA-USDT-SWAP,2.0
2026-07-22T02:17:37+00:00,BTC,1.392e-05,175.0,control,,0.0
2026-07-22T02:17:37+00:00,ETH,4.128e-05,7000.0,control,,0.0
2026-07-22T02:17:37+00:00,USDT,6.864e-05,5000000.0,control,,0.0
2026-07-22T02:27:50+00:00,LA,,0.0,short_interval|NOT_BORROWABLE,LA-USDT-SWAP,2.0
2026-07-22T02:27:50+00:00,BTC,1.392e-05,175.0,control,,0.0
2026-07-22T02:27:50+00:00,ETH,4.128e-05,7000.0,control,,0.0
2026-07-22T02:27:50+00:00,USDT,6.864e-05,5000000.0,control,,0.0
2026-07-22T02:38:03+00:00,LA,,0.0,short_interval|NOT_BORROWABLE,LA-USDT-SWAP,2.0
2026-07-22T02:38:03+00:00,BTC,1.392e-05,175.0,control,,0.0
2026-07-22T02:38:03+00:00,ETH,4.128e-05,7000.0,control,,0.0
2026-07-22T02:38:03+00:00,USDT,6.864e-05,5000000.0,control,,0.0
2026-07-22T02:48:16+00:00,LA,,0.0,short_interval|NOT_BORROWABLE,LA-USDT-SWAP,2.0
2026-07-22T02:48:16+00:00,BTC,1.392e-05,175.0,control,,0.0
2026-07-22T02:48:16+00:00,ETH,4.128e-05,7000.0,control,,0.0
2026-07-22T02:48:16+00:00,USDT,6.864e-05,5000000.0,control,,0.0
2026-07-22T02:58:30+00:00,LA,,0.0,short_interval|NOT_BORROWABLE,LA-USDT-SWAP,2.0
2026-07-22T02:58:30+00:00,BTC,1.392e-05,175.0,control,,0.0
2026-07-22T02:58:30+00:00,ETH,4.128e-05,7000.0,control,,0.0
2026-07-22T02:58:30+00:00,USDT,6.864e-05,5000000.0,control,,0.0
2026-07-22T03:08:43+00:00,LA,,0.0,short_interval|NOT_BORROWABLE,LA-USDT-SWAP,2.0
2026-07-22T03:08:43+00:00,BTC,1.392e-05,175.0,control,,0.0
2026-07-22T03:08:43+00:00,ETH,4.128e-05,7000.0,control,,0.0
2026-07-22T03:08:43+00:00,USDT,6.864e-05,5000000.0,control,,0.0
2026-07-22T03:18:57+00:00,LA,,0.0,short_interval|NOT_BORROWABLE,LA-USDT-SWAP,2.0
2026-07-22T03:18:57+00:00,BTC,1.392e-05,175.0,control,,0.0
2026-07-22T03:18:57+00:00,ETH,4.128e-05,7000.0,control,,0.0
2026-07-22T03:18:57+00:00,USDT,6.864e-05,5000000.0,control,,0.0
2026-07-22T03:29:10+00:00,LA,,0.0,short_interval|NOT_BORROWABLE,LA-USDT-SWAP,2.0
2026-07-22T03:29:10+00:00,BTC,1.392e-05,175.0,control,,0.0
2026-07-22T03:29:10+00:00,ETH,4.128e-05,7000.0,control,,0.0
2026-07-22T03:29:10+00:00,USDT,6.864e-05,5000000.0,control,,0.0
2026-07-22T03:39:23+00:00,LA,,0.0,short_interval|NOT_BORROWABLE,LA-USDT-SWAP,2.0
2026-07-22T03:39:23+00:00,BTC,1.392e-05,175.0,control,,0.0
2026-07-22T03:39:23+00:00,ETH,4.128e-05,7000.0,control,,0.0
2026-07-22T03:39:23+00:00,USDT,6.864e-05,5000000.0,control,,0.0
2026-07-22T03:49:37+00:00,LA,,0.0,short_interval|NOT_BORROWABLE,LA-USDT-SWAP,2.0
2026-07-22T03:49:37+00:00,BTC,1.392e-05,175.0,control,,0.0
2026-07-22T03:49:37+00:00,ETH,4.128e-05,7000.0,control,,0.0
2026-07-22T03:49:37+00:00,USDT,6.864e-05,5000000.0,control,,0.0
2026-07-22T03:59:50+00:00,LA,,0.0,short_interval|NOT_BORROWABLE,LA-USDT-SWAP,2.0
2026-07-22T03:59:50+00:00,BTC,1.392e-05,175.0,control,,0.0
2026-07-22T03:59:50+00:00,ETH,4.128e-05,7000.0,control,,0.0
2026-07-22T03:59:50+00:00,USDT,6.864e-05,5000000.0,control,,0.0
2026-07-22T04:10:03+00:00,LA,,0.0,short_interval|NOT_BORROWABLE,LA-USDT-SWAP,2.0
2026-07-22T04:10:03+00:00,BTC,1.392e-05,175.0,control,,0.0
2026-07-22T04:10:03+00:00,ETH,4.128e-05,7000.0,control,,0.0
2026-07-22T04:10:03+00:00,USDT,6.864e-05,5000000.0,control,,0.0
2026-07-22T04:20:16+00:00,LA,,0.0,short_interval|NOT_BORROWABLE,LA-USDT-SWAP,2.0
2026-07-22T04:20:16+00:00,BTC,1.392e-05,175.0,control,,0.0
2026-07-22T04:20:16+00:00,ETH,4.128e-05,7000.0,control,,0.0
2026-07-22T04:20:16+00:00,USDT,6.864e-05,5000000.0,control,,0.0
2026-07-22T04:30:31+00:00,LA,,0.0,short_interval|NOT_BORROWABLE,LA-USDT-SWAP,2.0
2026-07-22T04:30:31+00:00,BTC,1.392e-05,175.0,control,,0.0
2026-07-22T04:30:31+00:00,ETH,4.128e-05,7000.0,control,,0.0
2026-07-22T04:30:31+00:00,USDT,6.864e-05,5000000.0,control,,0.0
2026-07-22T04:40:44+00:00,LA,,0.0,short_interval|NOT_BORROWABLE,LA-USDT-SWAP,2.0
2026-07-22T04:40:44+00:00,BTC,1.392e-05,175.0,control,,0.0
2026-07-22T04:40:44+00:00,ETH,4.128e-05,7000.0,control,,0.0
2026-07-22T04:40:44+00:00,USDT,6.864e-05,5000000.0,control,,0.0
2026-07-22T04:50:58+00:00,LA,,0.0,short_interval|NOT_BORROWABLE,LA-USDT-SWAP,2.0
2026-07-22T04:50:58+00:00,BTC,1.392e-05,175.0,control,,0.0
2026-07-22T04:50:58+00:00,ETH,4.128e-05,7000.0,control,,0.0
2026-07-22T04:50:58+00:00,USDT,6.864e-05,5000000.0,control,,0.0
2026-07-22T05:11:38+00:00,LA,,0.0,short_interval|NOT_BORROWABLE,LA-USDT-SWAP,2.0
2026-07-22T05:11:38+00:00,BTC,1.392e-05,175.0,control,,0.0
2026-07-22T05:11:38+00:00,ETH,4.128e-05,7000.0,control,,0.0
2026-07-22T05:11:38+00:00,USDT,6.864e-05,5000000.0,control,,0.0
2026-07-22T05:21:50+00:00,LA,,0.0,short_interval|NOT_BORROWABLE,LA-USDT-SWAP,2.0
2026-07-22T05:21:50+00:00,BTC,1.392e-05,175.0,control,,0.0
2026-07-22T05:21:50+00:00,ETH,4.128e-05,7000.0,control,,0.0
2026-07-22T05:21:50+00:00,USDT,6.864e-05,5000000.0,control,,0.0
2026-07-22T05:32:02+00:00,LA,,0.0,short_interval|NOT_BORROWABLE,LA-USDT-SWAP,2.0
2026-07-22T05:32:02+00:00,BTC,1.392e-05,175.0,control,,0.0
2026-07-22T05:32:02+00:00,ETH,4.128e-05,7000.0,control,,0.0
2026-07-22T05:32:02+00:00,USDT,6.864e-05,5000000.0,control,,0.0
2026-07-22T05:42:15+00:00,LA,,0.0,short_interval|NOT_BORROWABLE,LA-USDT-SWAP,2.0
2026-07-22T05:42:15+00:00,BTC,1.392e-05,175.0,control,,0.0
2026-07-22T05:42:15+00:00,ETH,4.128e-05,7000.0,control,,0.0
2026-07-22T05:42:15+00:00,USDT,6.864e-05,5000000.0,control,,0.0
2026-07-22T05:52:28+00:00,LA,,0.0,short_interval|NOT_BORROWABLE,LA-USDT-SWAP,2.0
2026-07-22T05:52:28+00:00,BTC,1.392e-05,175.0,control,,0.0
2026-07-22T05:52:28+00:00,ETH,4.128e-05,7000.0,control,,0.0
2026-07-22T05:52:28+00:00,USDT,6.864e-05,5000000.0,control,,0.0
2026-07-22T06:02:41+00:00,LA,,0.0,short_interval|NOT_BORROWABLE,LA-USDT-SWAP,2.0
2026-07-22T06:02:41+00:00,BTC,1.392e-05,175.0,control,,0.0
2026-07-22T06:02:41+00:00,ETH,4.128e-05,7000.0,control,,0.0
2026-07-22T06:02:41+00:00,USDT,6.864e-05,5000000.0,control,,0.0
2026-07-22T06:12:53+00:00,LA,,0.0,short_interval|NOT_BORROWABLE,LA-USDT-SWAP,2.0
2026-07-22T06:12:53+00:00,BTC,1.392e-05,175.0,control,,0.0
2026-07-22T06:12:53+00:00,ETH,4.128e-05,7000.0,control,,0.0
2026-07-22T06:12:53+00:00,USDT,6.864e-05,5000000.0,control,,0.0
2026-07-22T06:23:05+00:00,LA,,0.0,short_interval|NOT_BORROWABLE,LA-USDT-SWAP,2.0
2026-07-22T06:23:05+00:00,BTC,1.392e-05,175.0,control,,0.0
2026-07-22T06:23:05+00:00,ETH,4.128e-05,7000.0,control,,0.0
2026-07-22T06:23:05+00:00,USDT,6.864e-05,5000000.0,control,,0.0
2026-07-22T06:33:18+00:00,LA,,0.0,short_interval|NOT_BORROWABLE,LA-USDT-SWAP,2.0
2026-07-22T06:33:18+00:00,BTC,1.392e-05,175.0,control,,0.0
2026-07-22T06:33:18+00:00,ETH,4.128e-05,7000.0,control,,0.0
2026-07-22T06:33:18+00:00,USDT,6.864e-05,5000000.0,control,,0.0
2026-07-22T06:43:31+00:00,LA,,0.0,short_interval|NOT_BORROWABLE,LA-USDT-SWAP,2.0
2026-07-22T06:43:31+00:00,BTC,1.392e-05,175.0,control,,0.0
2026-07-22T06:43:31+00:00,ETH,4.128e-05,7000.0,control,,0.0
2026-07-22T06:43:31+00:00,USDT,6.864e-05,5000000.0,control,,0.0
2026-07-22T06:53:43+00:00,LA,,0.0,short_interval|NOT_BORROWABLE,LA-USDT-SWAP,2.0
2026-07-22T06:53:43+00:00,BTC,1.392e-05,175.0,control,,0.0
2026-07-22T06:53:43+00:00,ETH,4.128e-05,7000.0,control,,0.0
2026-07-22T06:53:43+00:00,USDT,6.864e-05,5000000.0,control,,0.0
2026-07-22T07:03:56+00:00,LA,,0.0,short_interval|NOT_BORROWABLE,LA-USDT-SWAP,2.0
2026-07-22T07:03:56+00:00,BTC,1.392e-05,175.0,control,,0.0
2026-07-22T07:03:56+00:00,ETH,4.128e-05,7000.0,control,,0.0
2026-07-22T07:03:56+00:00,USDT,6.864e-05,5000000.0,control,,0.0
2026-07-22T07:14:08+00:00,LA,,0.0,short_interval|NOT_BORROWABLE,LA-USDT-SWAP,2.0
2026-07-22T07:14:08+00:00,BTC,1.392e-05,175.0,control,,0.0
2026-07-22T07:14:08+00:00,ETH,4.128e-05,7000.0,control,,0.0
2026-07-22T07:14:08+00:00,USDT,6.864e-05,5000000.0,control,,0.0
2026-07-22T07:24:23+00:00,LA,,0.0,short_interval|NOT_BORROWABLE,LA-USDT-SWAP,2.0
2026-07-22T07:24:23+00:00,BTC,1.392e-05,175.0,control,,0.0
2026-07-22T07:24:23+00:00,ETH,4.128e-05,7000.0,control,,0.0
2026-07-22T07:24:23+00:00,USDT,6.864e-05,5000000.0,control,,0.0
2026-07-22T07:34:35+00:00,LA,,0.0,short_interval|NOT_BORROWABLE,LA-USDT-SWAP,2.0
2026-07-22T07:34:35+00:00,BTC,1.392e-05,175.0,control,,0.0
2026-07-22T07:34:35+00:00,ETH,4.128e-05,7000.0,control,,0.0
2026-07-22T07:34:35+00:00,USDT,6.864e-05,5000000.0,control,,0.0
2026-07-22T07:44:48+00:00,LA,,0.0,short_interval|NOT_BORROWABLE,LA-USDT-SWAP,2.0
2026-07-22T07:44:48+00:00,BTC,1.392e-05,175.0,control,,0.0
2026-07-22T07:44:48+00:00,ETH,4.128e-05,7000.0,control,,0.0
2026-07-22T07:44:48+00:00,USDT,6.864e-05,5000000.0,control,,0.0
2026-07-22T07:55:00+00:00,LA,,0.0,short_interval|NOT_BORROWABLE,LA-USDT-SWAP,2.0
2026-07-22T07:55:00+00:00,BTC,1.392e-05,175.0,control,,0.0
2026-07-22T07:55:00+00:00,ETH,4.128e-05,7000.0,control,,0.0
2026-07-22T07:55:00+00:00,USDT,6.864e-05,5000000.0,control,,0.0
2026-07-22T08:05:13+00:00,LA,,0.0,short_interval|NOT_BORROWABLE,LA-USDT-SWAP,2.0
2026-07-22T08:05:13+00:00,BTC,1.392e-05,175.0,control,,0.0
2026-07-22T08:05:13+00:00,ETH,4.128e-05,7000.0,control,,0.0
2026-07-22T08:05:13+00:00,USDT,6.864e-05,5000000.0,control,,0.0
2026-07-22T08:15:25+00:00,LA,,0.0,short_interval|NOT_BORROWABLE,LA-USDT-SWAP,2.0
2026-07-22T08:15:25+00:00,BTC,1.392e-05,175.0,control,,0.0
2026-07-22T08:15:25+00:00,ETH,4.128e-05,7000.0,control,,0.0
2026-07-22T08:15:25+00:00,USDT,6.864e-05,5000000.0,control,,0.0
2026-07-22T08:25:38+00:00,LA,,0.0,short_interval|NOT_BORROWABLE,LA-USDT-SWAP,2.0
2026-07-22T08:25:38+00:00,BTC,1.392e-05,175.0,control,,0.0
2026-07-22T08:25:38+00:00,ETH,4.128e-05,7000.0,control,,0.0
2026-07-22T08:25:38+00:00,USDT,6.864e-05,5000000.0,control,,0.0
2026-07-22T08:35:50+00:00,LA,,0.0,short_interval|NOT_BORROWABLE,LA-USDT-SWAP,2.0
2026-07-22T08:35:50+00:00,BTC,1.392e-05,175.0,control,,0.0
2026-07-22T08:35:50+00:00,ETH,4.128e-05,7000.0,control,,0.0
2026-07-22T08:35:50+00:00,USDT,6.864e-05,5000000.0,control,,0.0
2026-07-22T08:46:03+00:00,LA,,0.0,short_interval|NOT_BORROWABLE,LA-USDT-SWAP,2.0
2026-07-22T08:46:03+00:00,BTC,1.392e-05,175.0,control,,0.0
2026-07-22T08:46:03+00:00,ETH,4.128e-05,7000.0,control,,0.0
2026-07-22T08:46:03+00:00,USDT,6.864e-05,5000000.0,control,,0.0
2026-07-22T08:56:16+00:00,LA,,0.0,short_interval|NOT_BORROWABLE,LA-USDT-SWAP,2.0
2026-07-22T08:56:16+00:00,BTC,1.392e-05,175.0,control,,0.0
2026-07-22T08:56:16+00:00,ETH,4.128e-05,7000.0,control,,0.0
2026-07-22T08:56:16+00:00,USDT,6.864e-05,5000000.0,control,,0.0
2026-07-22T09:06:28+00:00,LA,,0.0,short_interval|NOT_BORROWABLE,LA-USDT-SWAP,2.0
2026-07-22T09:06:28+00:00,BTC,1.392e-05,175.0,control,,0.0
2026-07-22T09:06:28+00:00,ETH,4.128e-05,7000.0,control,,0.0
2026-07-22T09:06:28+00:00,USDT,6.864e-05,5000000.0,control,,0.0
2026-07-22T09:16:41+00:00,LA,,0.0,short_interval|NOT_BORROWABLE,LA-USDT-SWAP,2.0
2026-07-22T09:16:41+00:00,BTC,1.392e-05,175.0,control,,0.0
2026-07-22T09:16:41+00:00,ETH,4.128e-05,7000.0,control,,0.0
2026-07-22T09:16:41+00:00,USDT,6.864e-05,5000000.0,control,,0.0
2026-07-22T09:26:54+00:00,LA,,0.0,short_interval|NOT_BORROWABLE,LA-USDT-SWAP,2.0
2026-07-22T09:26:54+00:00,BTC,1.392e-05,175.0,control,,0.0
2026-07-22T09:26:54+00:00,ETH,4.128e-05,7000.0,control,,0.0
2026-07-22T09:26:54+00:00,USDT,6.864e-05,5000000.0,control,,0.0
2026-07-22T09:37:07+00:00,LA,,0.0,short_interval|NOT_BORROWABLE,LA-USDT-SWAP,2.0
2026-07-22T09:37:07+00:00,BTC,1.392e-05,175.0,control,,0.0
2026-07-22T09:37:07+00:00,ETH,4.128e-05,7000.0,control,,0.0
2026-07-22T09:37:07+00:00,USDT,6.864e-05,5000000.0,control,,0.0
2026-07-22T09:47:19+00:00,LA,,0.0,short_interval|NOT_BORROWABLE,LA-USDT-SWAP,2.0
2026-07-22T09:47:19+00:00,BTC,1.392e-05,175.0,control,,0.0
2026-07-22T09:47:19+00:00,ETH,4.128e-05,7000.0,control,,0.0
2026-07-22T09:47:19+00:00,USDT,6.864e-05,5000000.0,control,,0.0
2026-07-22T10:07:59+00:00,LA,,0.0,short_interval|NOT_BORROWABLE,LA-USDT-SWAP,2.0
2026-07-22T10:07:59+00:00,BTC,1.392e-05,175.0,control,,0.0
2026-07-22T10:07:59+00:00,ETH,4.128e-05,7000.0,control,,0.0
2026-07-22T10:07:59+00:00,USDT,6.864e-05,5000000.0,control,,0.0
2026-07-22T10:18:11+00:00,LA,,0.0,short_interval|NOT_BORROWABLE,LA-USDT-SWAP,2.0
2026-07-22T10:18:11+00:00,BTC,1.392e-05,175.0,control,,0.0
2026-07-22T10:18:11+00:00,ETH,4.128e-05,7000.0,control,,0.0
2026-07-22T10:18:11+00:00,USDT,6.864e-05,5000000.0,control,,0.0
2026-07-22T10:28:24+00:00,LA,,0.0,short_interval|NOT_BORROWABLE,LA-USDT-SWAP,2.0
2026-07-22T10:28:24+00:00,BTC,1.392e-05,175.0,control,,0.0
2026-07-22T10:28:24+00:00,ETH,4.128e-05,7000.0,control,,0.0
2026-07-22T10:28:24+00:00,USDT,6.864e-05,5000000.0,control,,0.0
2026-07-22T10:38:37+00:00,LA,,0.0,short_interval|NOT_BORROWABLE,LA-USDT-SWAP,2.0
2026-07-22T10:38:37+00:00,BTC,1.392e-05,175.0,control,,0.0
2026-07-22T10:38:37+00:00,ETH,4.128e-05,7000.0,control,,0.0
2026-07-22T10:38:37+00:00,USDT,6.864e-05,5000000.0,control,,0.0
2026-07-22T10:48:49+00:00,LA,,0.0,short_interval|NOT_BORROWABLE,LA-USDT-SWAP,2.0
2026-07-22T10:48:49+00:00,BTC,1.392e-05,175.0,control,,0.0
2026-07-22T10:48:49+00:00,ETH,4.128e-05,7000.0,control,,0.0
2026-07-22T10:48:49+00:00,USDT,6.864e-05,5000000.0,control,,0.0
2026-07-22T10:59:02+00:00,LA,,0.0,short_interval|NOT_BORROWABLE,LA-USDT-SWAP,2.0
2026-07-22T10:59:02+00:00,BTC,1.392e-05,175.0,control,,0.0
2026-07-22T10:59:02+00:00,ETH,4.128e-05,7000.0,control,,0.0
2026-07-22T10:59:02+00:00,USDT,6.864e-05,5000000.0,control,,0.0
2026-07-22T11:09:15+00:00,LA,,0.0,short_interval|NOT_BORROWABLE,LA-USDT-SWAP,2.0
2026-07-22T11:09:15+00:00,BTC,1.392e-05,175.0,control,,0.0
2026-07-22T11:09:15+00:00,ETH,4.128e-05,7000.0,control,,0.0
2026-07-22T11:09:15+00:00,USDT,6.864e-05,5000000.0,control,,0.0
2026-07-22T11:19:28+00:00,LA,,0.0,short_interval|NOT_BORROWABLE,LA-USDT-SWAP,2.0
2026-07-22T11:19:28+00:00,BTC,1.392e-05,175.0,control,,0.0
2026-07-22T11:19:28+00:00,ETH,4.128e-05,7000.0,control,,0.0
2026-07-22T11:19:28+00:00,USDT,6.864e-05,5000000.0,control,,0.0
2026-07-22T11:29:40+00:00,LA,,0.0,short_interval|NOT_BORROWABLE,LA-USDT-SWAP,2.0
2026-07-22T11:29:40+00:00,BTC,1.392e-05,175.0,control,,0.0
2026-07-22T11:29:40+00:00,ETH,4.128e-05,7000.0,control,,0.0
2026-07-22T11:29:40+00:00,USDT,6.864e-05,5000000.0,control,,0.0
2026-07-22T11:39:53+00:00,LA,,0.0,short_interval|NOT_BORROWABLE,LA-USDT-SWAP,2.0
2026-07-22T11:39:53+00:00,BTC,1.392e-05,175.0,control,,0.0
2026-07-22T11:39:53+00:00,ETH,4.128e-05,7000.0,control,,0.0
2026-07-22T11:39:53+00:00,USDT,6.864e-05,5000000.0,control,,0.0
2026-07-22T11:50:06+00:00,LA,,0.0,short_interval|NOT_BORROWABLE,LA-USDT-SWAP,2.0
2026-07-22T11:50:06+00:00,BTC,1.392e-05,175.0,control,,0.0
2026-07-22T11:50:06+00:00,ETH,4.128e-05,7000.0,control,,0.0
2026-07-22T11:50:06+00:00,USDT,6.864e-05,5000000.0,control,,0.0
2026-07-22T12:00:20+00:00,LA,,0.0,short_interval|NOT_BORROWABLE,LA-USDT-SWAP,2.0
2026-07-22T12:00:20+00:00,ONE,,0.0,pinned_at_cap|NOT_BORROWABLE,ONE-USDT-SWAP,4.0
2026-07-22T12:00:20+00:00,BTC,1.392e-05,175.0,control,,0.0
2026-07-22T12:00:20+00:00,ETH,4.128e-05,7000.0,control,,0.0
2026-07-22T12:00:20+00:00,USDT,6.864e-05,5000000.0,control,,0.0
2026-07-22T12:10:33+00:00,LA,,0.0,short_interval|NOT_BORROWABLE,LA-USDT-SWAP,2.0
2026-07-22T12:10:33+00:00,ONE,,0.0,pinned_at_cap|NOT_BORROWABLE,ONE-USDT-SWAP,4.0
2026-07-22T12:10:33+00:00,BTC,1.392e-05,175.0,control,,0.0
2026-07-22T12:10:33+00:00,ETH,4.128e-05,7000.0,control,,0.0
2026-07-22T12:10:33+00:00,USDT,6.864e-05,5000000.0,control,,0.0
2026-07-22T12:20:46+00:00,LA,,0.0,short_interval|NOT_BORROWABLE,LA-USDT-SWAP,2.0
2026-07-22T12:20:46+00:00,ONE,,0.0,pinned_at_cap|NOT_BORROWABLE,ONE-USDT-SWAP,4.0
2026-07-22T12:20:46+00:00,BTC,1.392e-05,175.0,control,,0.0
2026-07-22T12:20:46+00:00,ETH,4.128e-05,7000.0,control,,0.0
2026-07-22T12:20:46+00:00,USDT,6.864e-05,5000000.0,control,,0.0
2026-07-22T12:30:59+00:00,LA,,0.0,short_interval|NOT_BORROWABLE,LA-USDT-SWAP,2.0
2026-07-22T12:30:59+00:00,ONE,,0.0,pinned_at_cap|NOT_BORROWABLE,ONE-USDT-SWAP,4.0
2026-07-22T12:30:59+00:00,BTC,1.392e-05,175.0,control,,0.0
2026-07-22T12:30:59+00:00,ETH,4.128e-05,7000.0,control,,0.0
2026-07-22T12:30:59+00:00,USDT,6.864e-05,5000000.0,control,,0.0
2026-07-22T12:41:12+00:00,LA,,0.0,short_interval|NOT_BORROWABLE,LA-USDT-SWAP,2.0
2026-07-22T12:41:12+00:00,ONE,,0.0,pinned_at_cap|NOT_BORROWABLE,ONE-USDT-SWAP,4.0
2026-07-22T12:41:12+00:00,BTC,1.392e-05,175.0,control,,0.0
2026-07-22T12:41:12+00:00,ETH,4.128e-05,7000.0,control,,0.0
2026-07-22T12:41:12+00:00,USDT,6.864e-05,5000000.0,control,,0.0
2026-07-22T12:51:25+00:00,LA,,0.0,short_interval|NOT_BORROWABLE,LA-USDT-SWAP,2.0
2026-07-22T12:51:25+00:00,ONE,,0.0,pinned_at_cap|NOT_BORROWABLE,ONE-USDT-SWAP,4.0
2026-07-22T12:51:25+00:00,BTC,1.392e-05,175.0,control,,0.0
2026-07-22T12:51:25+00:00,ETH,4.128e-05,7000.0,control,,0.0
2026-07-22T12:51:25+00:00,USDT,6.864e-05,5000000.0,control,,0.0
2026-07-22T13:01:46+00:00,LA,,0.0,short_interval|NOT_BORROWABLE,LA-USDT-SWAP,2.0
2026-07-22T13:01:46+00:00,ONE,,0.0,pinned_at_cap|NOT_BORROWABLE,ONE-USDT-SWAP,4.0
2026-07-22T13:01:46+00:00,BTC,1.392e-05,175.0,control,,0.0
2026-07-22T13:01:46+00:00,ETH,4.128e-05,7000.0,control,,0.0
2026-07-22T13:01:46+00:00,USDT,6.864e-05,5000000.0,control,,0.0
2026-07-22T13:12:07+00:00,LA,,0.0,short_interval|NOT_BORROWABLE,LA-USDT-SWAP,2.0
2026-07-22T13:12:07+00:00,ONE,,0.0,pinned_at_cap|NOT_BORROWABLE,ONE-USDT-SWAP,4.0
2026-07-22T13:12:07+00:00,BTC,1.392e-05,175.0,control,,0.0
2026-07-22T13:12:07+00:00,ETH,4.128e-05,7000.0,control,,0.0
2026-07-22T13:12:07+00:00,USDT,6.864e-05,5000000.0,control,,0.0
2026-07-22T13:22:28+00:00,LA,,0.0,short_interval|NOT_BORROWABLE,LA-USDT-SWAP,2.0
2026-07-22T13:22:28+00:00,ONE,,0.0,pinned_at_cap|NOT_BORROWABLE,ONE-USDT-SWAP,4.0
2026-07-22T13:22:28+00:00,BTC,1.392e-05,175.0,control,,0.0
2026-07-22T13:22:28+00:00,ETH,4.128e-05,7000.0,control,,0.0
2026-07-22T13:22:28+00:00,USDT,6.864e-05,5000000.0,control,,0.0
2026-07-22T13:32:50+00:00,LA,,0.0,short_interval|NOT_BORROWABLE,LA-USDT-SWAP,2.0
2026-07-22T13:32:50+00:00,ONE,,0.0,pinned_at_cap|NOT_BORROWABLE,ONE-USDT-SWAP,4.0
2026-07-22T13:32:50+00:00,BTC,1.392e-05,175.0,control,,0.0
2026-07-22T13:32:50+00:00,ETH,4.128e-05,7000.0,control,,0.0
2026-07-22T13:32:50+00:00,USDT,6.864e-05,5000000.0,control,,0.0
2026-07-22T13:43:11+00:00,LA,,0.0,short_interval|NOT_BORROWABLE,LA-USDT-SWAP,2.0
2026-07-22T13:43:11+00:00,ONE,,0.0,pinned_at_cap|NOT_BORROWABLE,ONE-USDT-SWAP,4.0
2026-07-22T13:43:11+00:00,BTC,1.392e-05,175.0,control,,0.0
2026-07-22T13:43:11+00:00,ETH,4.128e-05,7000.0,control,,0.0
2026-07-22T13:43:11+00:00,USDT,6.864e-05,5000000.0,control,,0.0
2026-07-22T13:53:32+00:00,LA,,0.0,short_interval|NOT_BORROWABLE,LA-USDT-SWAP,2.0
2026-07-22T13:53:32+00:00,ONE,,0.0,pinned_at_cap|NOT_BORROWABLE,ONE-USDT-SWAP,4.0
2026-07-22T13:53:32+00:00,BTC,1.392e-05,175.0,control,,0.0
2026-07-22T13:53:32+00:00,ETH,4.128e-05,7000.0,control,,0.0
2026-07-22T13:53:32+00:00,USDT,6.864e-05,5000000.0,control,,0.0
2026-07-22T14:03:53+00:00,LA,,0.0,short_interval|NOT_BORROWABLE,LA-USDT-SWAP,2.0
2026-07-22T14:03:53+00:00,ONE,,0.0,pinned_at_cap|NOT_BORROWABLE,ONE-USDT-SWAP,4.0
2026-07-22T14:03:53+00:00,BTC,1.392e-05,175.0,control,,0.0
2026-07-22T14:03:53+00:00,ETH,4.128e-05,7000.0,control,,0.0
2026-07-22T14:03:53+00:00,USDT,6.864e-05,5000000.0,control,,0.0
2026-07-22T14:14:14+00:00,LA,,0.0,short_interval|NOT_BORROWABLE,LA-USDT-SWAP,2.0
2026-07-22T14:14:14+00:00,ONE,,0.0,pinned_at_cap|NOT_BORROWABLE,ONE-USDT-SWAP,4.0
2026-07-22T14:14:14+00:00,BTC,1.392e-05,175.0,control,,0.0
2026-07-22T14:14:14+00:00,ETH,4.128e-05,7000.0,control,,0.0
2026-07-22T14:14:14+00:00,USDT,6.864e-05,5000000.0,control,,0.0
2026-07-22T14:24:36+00:00,LA,,0.0,short_interval|NOT_BORROWABLE,LA-USDT-SWAP,2.0
2026-07-22T14:24:36+00:00,ONE,,0.0,pinned_at_cap|NOT_BORROWABLE,ONE-USDT-SWAP,4.0
2026-07-22T14:24:36+00:00,BTC,1.392e-05,175.0,control,,0.0
2026-07-22T14:24:36+00:00,ETH,4.128e-05,7000.0,control,,0.0
2026-07-22T14:24:36+00:00,USDT,6.864e-05,5000000.0,control,,0.0
2026-07-22T14:34:57+00:00,LA,,0.0,short_interval|NOT_BORROWABLE,LA-USDT-SWAP,2.0
2026-07-22T14:34:57+00:00,ONE,,0.0,pinned_at_cap|NOT_BORROWABLE,ONE-USDT-SWAP,4.0
2026-07-22T14:34:57+00:00,BTC,1.392e-05,175.0,control,,0.0
2026-07-22T14:34:57+00:00,ETH,4.128e-05,7000.0,control,,0.0
2026-07-22T14:34:57+00:00,USDT,6.864e-05,5000000.0,control,,0.0
2026-07-22T14:45:19+00:00,LA,,0.0,short_interval|NOT_BORROWABLE,LA-USDT-SWAP,2.0
2026-07-22T14:45:19+00:00,ONE,,0.0,pinned_at_cap|NOT_BORROWABLE,ONE-USDT-SWAP,4.0
2026-07-22T14:45:19+00:00,BTC,1.392e-05,175.0,control,,0.0
2026-07-22T14:45:19+00:00,ETH,4.128e-05,7000.0,control,,0.0
2026-07-22T14:45:19+00:00,USDT,6.864e-05,5000000.0,control,,0.0
2026-07-22T15:06:23+00:00,LA,,0.0,short_interval|NOT_BORROWABLE,LA-USDT-SWAP,2.0
2026-07-22T15:06:23+00:00,ONE,,0.0,pinned_at_cap|NOT_BORROWABLE,ONE-USDT-SWAP,4.0
2026-07-22T15:06:23+00:00,BTC,1.392e-05,175.0,control,,0.0
2026-07-22T15:06:23+00:00,ETH,4.128e-05,7000.0,control,,0.0
2026-07-22T15:06:23+00:00,USDT,6.864e-05,5000000.0,control,,0.0
2026-07-22T15:16:47+00:00,LA,,0.0,short_interval|NOT_BORROWABLE,LA-USDT-SWAP,2.0
2026-07-22T15:16:47+00:00,ONE,,0.0,pinned_at_cap|NOT_BORROWABLE,ONE-USDT-SWAP,4.0
2026-07-22T15:16:47+00:00,BTC,1.392e-05,175.0,control,,0.0
2026-07-22T15:16:47+00:00,ETH,4.128e-05,7000.0,control,,0.0
2026-07-22T15:16:47+00:00,USDT,6.864e-05,5000000.0,control,,0.0
2026-07-22T15:27:10+00:00,LA,,0.0,short_interval|NOT_BORROWABLE,LA-USDT-SWAP,2.0
2026-07-22T15:27:10+00:00,ONE,,0.0,pinned_at_cap|NOT_BORROWABLE,ONE-USDT-SWAP,4.0
2026-07-22T15:27:10+00:00,BTC,1.392e-05,175.0,control,,0.0
2026-07-22T15:27:10+00:00,ETH,4.128e-05,7000.0,control,,0.0
2026-07-22T15:27:10+00:00,USDT,6.864e-05,5000000.0,control,,0.0
2026-07-22T15:37:33+00:00,LA,,0.0,short_interval|NOT_BORROWABLE,LA-USDT-SWAP,2.0
2026-07-22T15:37:33+00:00,ONE,,0.0,pinned_at_cap|NOT_BORROWABLE,ONE-USDT-SWAP,4.0
2026-07-22T15:37:33+00:00,BTC,1.392e-05,175.0,control,,0.0
2026-07-22T15:37:33+00:00,ETH,4.128e-05,7000.0,control,,0.0
2026-07-22T15:37:33+00:00,USDT,6.864e-05,5000000.0,control,,0.0
2026-07-22T15:47:55+00:00,LA,,0.0,short_interval|NOT_BORROWABLE,LA-USDT-SWAP,2.0
2026-07-22T15:47:55+00:00,ONE,,0.0,pinned_at_cap|NOT_BORROWABLE,ONE-USDT-SWAP,4.0
2026-07-22T15:47:55+00:00,BTC,1.392e-05,175.0,control,,0.0
2026-07-22T15:47:55+00:00,ETH,4.128e-05,7000.0,control,,0.0
2026-07-22T15:47:55+00:00,USDT,6.864e-05,5000000.0,control,,0.0
2026-07-22T15:58:18+00:00,LA,,0.0,short_interval|NOT_BORROWABLE,LA-USDT-SWAP,2.0
2026-07-22T15:58:18+00:00,ONE,,0.0,pinned_at_cap|NOT_BORROWABLE,ONE-USDT-SWAP,4.0
2026-07-22T15:58:18+00:00,BTC,1.392e-05,175.0,control,,0.0
2026-07-22T15:58:18+00:00,ETH,4.128e-05,7000.0,control,,0.0
2026-07-22T15:58:18+00:00,USDT,6.864e-05,5000000.0,control,,0.0
2026-07-23T04:24:48+00:00,O,,0.0,pinned_at_cap|NOT_BORROWABLE,O-USD_UM_XPERP-310620,4.0
2026-07-23T04:24:48+00:00,BTC,1.392e-05,175.0,control,,0.0
2026-07-23T04:24:48+00:00,ETH,4.128e-05,7000.0,control,,0.0
2026-07-23T04:24:48+00:00,USDT,6.864e-05,5000000.0,control,,0.0
2026-07-23T04:35:09+00:00,O,,0.0,pinned_at_cap|NOT_BORROWABLE,O-USD_UM_XPERP-310620,4.0
2026-07-23T04:35:09+00:00,BTC,1.392e-05,175.0,control,,0.0
2026-07-23T04:35:09+00:00,ETH,4.128e-05,7000.0,control,,0.0
2026-07-23T04:35:09+00:00,USDT,6.864e-05,5000000.0,control,,0.0
2026-07-23T04:45:29+00:00,O,,0.0,pinned_at_cap|NOT_BORROWABLE,O-USD_UM_XPERP-310620,4.0
2026-07-23T04:45:29+00:00,BTC,1.392e-05,175.0,control,,0.0
2026-07-23T04:45:29+00:00,ETH,4.128e-05,7000.0,control,,0.0
2026-07-23T04:45:29+00:00,USDT,6.864e-05,5000000.0,control,,0.0
2026-07-23T04:55:50+00:00,O,,0.0,pinned_at_cap|NOT_BORROWABLE,O-USD_UM_XPERP-310620,4.0
2026-07-23T04:55:50+00:00,BTC,1.392e-05,175.0,control,,0.0
2026-07-23T04:55:50+00:00,ETH,4.128e-05,7000.0,control,,0.0
2026-07-23T04:55:50+00:00,USDT,6.864e-05,5000000.0,control,,0.0
2026-07-23T05:06:11+00:00,O,,0.0,pinned_at_cap|NOT_BORROWABLE,O-USD_UM_XPERP-310620,4.0
2026-07-23T05:06:11+00:00,BTC,1.392e-05,175.0,control,,0.0
2026-07-23T05:06:11+00:00,ETH,4.128e-05,7000.0,control,,0.0
2026-07-23T05:06:11+00:00,USDT,6.864e-05,5000000.0,control,,0.0
2026-07-23T05:16:32+00:00,O,,0.0,pinned_at_cap|NOT_BORROWABLE,O-USD_UM_XPERP-310620,4.0
2026-07-23T05:16:32+00:00,BTC,1.392e-05,175.0,control,,0.0
2026-07-23T05:16:32+00:00,ETH,4.128e-05,7000.0,control,,0.0
2026-07-23T05:16:32+00:00,USDT,6.864e-05,5000000.0,control,,0.0
2026-07-23T05:26:52+00:00,O,,0.0,pinned_at_cap|NOT_BORROWABLE,O-USD_UM_XPERP-310620,4.0
2026-07-23T05:26:52+00:00,BTC,1.392e-05,175.0,control,,0.0
2026-07-23T05:26:52+00:00,ETH,4.128e-05,7000.0,control,,0.0
2026-07-23T05:26:52+00:00,USDT,6.864e-05,5000000.0,control,,0.0
2026-07-23T05:47:57+00:00,O,,0.0,pinned_at_cap|NOT_BORROWABLE,O-USD_UM_XPERP-310620,4.0
2026-07-23T05:47:57+00:00,BTC,1.392e-05,175.0,control,,0.0
2026-07-23T05:47:57+00:00,ETH,4.128e-05,7000.0,control,,0.0
2026-07-23T05:47:57+00:00,USDT,6.864e-05,5000000.0,control,,0.0
2026-07-23T05:58:20+00:00,O,,0.0,pinned_at_cap|NOT_BORROWABLE,O-USD_UM_XPERP-310620,4.0
2026-07-23T05:58:20+00:00,BTC,1.392e-05,175.0,control,,0.0
2026-07-23T05:58:20+00:00,ETH,4.128e-05,7000.0,control,,0.0
2026-07-23T05:58:20+00:00,USDT,6.864e-05,5000000.0,control,,0.0
2026-07-23T06:08:43+00:00,O,,0.0,pinned_at_cap|NOT_BORROWABLE,O-USD_UM_XPERP-310620,4.0
2026-07-23T06:08:43+00:00,BTC,1.392e-05,175.0,control,,0.0
2026-07-23T06:08:43+00:00,ETH,4.128e-05,7000.0,control,,0.0
2026-07-23T06:08:43+00:00,USDT,6.864e-05,5000000.0,control,,0.0
2026-07-23T06:19:06+00:00,O,,0.0,pinned_at_cap|NOT_BORROWABLE,O-USD_UM_XPERP-310620,4.0
2026-07-23T06:19:06+00:00,BTC,1.392e-05,175.0,control,,0.0
2026-07-23T06:19:06+00:00,ETH,4.128e-05,7000.0,control,,0.0
2026-07-23T06:19:06+00:00,USDT,6.864e-05,5000000.0,control,,0.0
2026-07-23T06:29:30+00:00,O,,0.0,pinned_at_cap|NOT_BORROWABLE,O-USD_UM_XPERP-310620,4.0
2026-07-23T06:29:30+00:00,BTC,1.392e-05,175.0,control,,0.0
2026-07-23T06:29:30+00:00,ETH,4.128e-05,7000.0,control,,0.0
2026-07-23T06:29:30+00:00,USDT,6.864e-05,5000000.0,control,,0.0
2026-07-23T06:39:53+00:00,O,,0.0,pinned_at_cap|NOT_BORROWABLE,O-USD_UM_XPERP-310620,4.0
2026-07-23T06:39:53+00:00,BTC,1.392e-05,175.0,control,,0.0
2026-07-23T06:39:53+00:00,ETH,4.128e-05,7000.0,control,,0.0
2026-07-23T06:39:53+00:00,USDT,6.864e-05,5000000.0,control,,0.0
2026-07-23T06:50:17+00:00,O,,0.0,pinned_at_cap|NOT_BORROWABLE,O-USD_UM_XPERP-310620,4.0
2026-07-23T06:50:17+00:00,BTC,1.392e-05,175.0,control,,0.0
2026-07-23T06:50:17+00:00,ETH,4.128e-05,7000.0,control,,0.0
2026-07-23T06:50:17+00:00,USDT,6.864e-05,5000000.0,control,,0.0
2026-07-23T07:00:40+00:00,O,,0.0,pinned_at_cap|NOT_BORROWABLE,O-USD_UM_XPERP-310620,4.0
2026-07-23T07:00:40+00:00,BTC,1.392e-05,175.0,control,,0.0
2026-07-23T07:00:40+00:00,ETH,4.128e-05,7000.0,control,,0.0
2026-07-23T07:00:40+00:00,USDT,6.864e-05,5000000.0,control,,0.0
2026-07-23T07:11:03+00:00,O,,0.0,pinned_at_cap|NOT_BORROWABLE,O-USD_UM_XPERP-310620,4.0
2026-07-23T07:11:03+00:00,BTC,1.392e-05,175.0,control,,0.0
2026-07-23T07:11:03+00:00,ETH,4.128e-05,7000.0,control,,0.0
2026-07-23T07:11:03+00:00,USDT,6.864e-05,5000000.0,control,,0.0
2026-07-23T07:21:27+00:00,O,,0.0,pinned_at_cap|NOT_BORROWABLE,O-USD_UM_XPERP-310620,4.0
2026-07-23T07:21:27+00:00,BTC,1.392e-05,175.0,control,,0.0
2026-07-23T07:21:27+00:00,ETH,4.128e-05,7000.0,control,,0.0
2026-07-23T07:21:27+00:00,USDT,6.864e-05,5000000.0,control,,0.0
2026-07-23T07:31:50+00:00,O,,0.0,pinned_at_cap|NOT_BORROWABLE,O-USD_UM_XPERP-310620,4.0
2026-07-23T07:31:50+00:00,BTC,1.392e-05,175.0,control,,0.0
2026-07-23T07:31:50+00:00,ETH,4.128e-05,7000.0,control,,0.0
2026-07-23T07:31:50+00:00,USDT,6.864e-05,5000000.0,control,,0.0
2026-07-23T07:42:14+00:00,O,,0.0,pinned_at_cap|NOT_BORROWABLE,O-USD_UM_XPERP-310620,4.0
2026-07-23T07:42:14+00:00,BTC,1.392e-05,175.0,control,,0.0
2026-07-23T07:42:14+00:00,ETH,4.128e-05,7000.0,control,,0.0
2026-07-23T07:42:14+00:00,USDT,6.864e-05,5000000.0,control,,0.0
2026-07-23T07:52:38+00:00,O,,0.0,pinned_at_cap|NOT_BORROWABLE,O-USD_UM_XPERP-310620,4.0
2026-07-23T07:52:38+00:00,BTC,1.392e-05,175.0,control,,0.0
2026-07-23T07:52:38+00:00,ETH,4.128e-05,7000.0,control,,0.0
2026-07-23T07:52:38+00:00,USDT,6.864e-05,5000000.0,control,,0.0
2026-07-23T08:03:02+00:00,O,,0.0,pinned_at_cap|NOT_BORROWABLE,O-USD_UM_XPERP-310620,4.0
2026-07-23T08:03:02+00:00,BTC,1.392e-05,175.0,control,,0.0
2026-07-23T08:03:02+00:00,ETH,4.128e-05,7000.0,control,,0.0
2026-07-23T08:03:02+00:00,USDT,6.864e-05,5000000.0,control,,0.0
2026-07-23T08:13:26+00:00,O,,0.0,pinned_at_cap|NOT_BORROWABLE,O-USD_UM_XPERP-310620,4.0
2026-07-23T08:13:26+00:00,BTC,1.392e-05,175.0,control,,0.0
2026-07-23T08:13:26+00:00,ETH,4.128e-05,7000.0,control,,0.0
2026-07-23T08:13:26+00:00,USDT,6.864e-05,5000000.0,control,,0.0
2026-07-23T08:23:50+00:00,O,,0.0,pinned_at_cap|NOT_BORROWABLE,O-USD_UM_XPERP-310620,4.0
2026-07-23T08:23:50+00:00,BTC,1.392e-05,175.0,control,,0.0
2026-07-23T08:23:50+00:00,ETH,4.128e-05,7000.0,control,,0.0
2026-07-23T08:23:50+00:00,USDT,6.864e-05,5000000.0,control,,0.0
2026-07-23T08:34:14+00:00,O,,0.0,pinned_at_cap|NOT_BORROWABLE,O-USD_UM_XPERP-310620,4.0
2026-07-23T08:34:14+00:00,BTC,1.392e-05,175.0,control,,0.0
2026-07-23T08:34:14+00:00,ETH,4.128e-05,7000.0,control,,0.0
2026-07-23T08:34:14+00:00,USDT,6.864e-05,5000000.0,control,,0.0
2026-07-23T08:44:39+00:00,O,,0.0,pinned_at_cap|NOT_BORROWABLE,O-USD_UM_XPERP-310620,4.0
2026-07-23T08:44:39+00:00,BTC,1.392e-05,175.0,control,,0.0
2026-07-23T08:44:39+00:00,ETH,4.128e-05,7000.0,control,,0.0
2026-07-23T08:44:39+00:00,USDT,6.864e-05,5000000.0,control,,0.0
