ts,coin,kraken,okx,bybit,spread_pct,short_on,long_on
2026-07-15T08:05:34+00:00,BTC,12.03,10.95,10.95,1.08,kraken,okx
2026-07-15T08:05:34+00:00,ETH,11.9,6.93,3.04,8.86,kraken,bybit
2026-07-15T08:05:34+00:00,SOL,-27.94,3.96,8.06,36.0,bybit,kraken
2026-07-15T08:05:34+00:00,XRP,2.04,10.14,5.38,8.09,okx,kraken
2026-07-15T08:18:13+00:00,BTC,12.03,10.95,nan,1.08,kraken,okx
2026-07-15T08:18:13+00:00,ETH,11.9,6.7,nan,5.19,kraken,okx
2026-07-15T08:18:13+00:00,SOL,-27.95,3.68,nan,31.62,okx,kraken
2026-07-15T08:18:13+00:00,XRP,2.04,9.53,nan,7.48,okx,kraken
2026-07-15T08:28:19+00:00,BTC,12.04,10.95,nan,1.09,kraken,okx
2026-07-15T08:28:19+00:00,ETH,11.9,6.7,nan,5.2,kraken,okx
2026-07-15T08:28:19+00:00,SOL,-27.98,3.19,nan,31.17,okx,kraken
2026-07-15T08:28:19+00:00,XRP,2.04,9.14,nan,7.1,okx,kraken
2026-07-15T08:38:24+00:00,BTC,12.02,10.95,nan,1.07,kraken,okx
2026-07-15T08:38:24+00:00,ETH,11.89,6.55,nan,5.34,kraken,okx
2026-07-15T08:38:24+00:00,SOL,-27.96,3.27,nan,31.23,okx,kraken
2026-07-15T08:38:24+00:00,XRP,2.04,8.69,nan,6.65,okx,kraken
2026-07-15T08:48:29+00:00,BTC,12.01,10.95,nan,1.06,kraken,okx
2026-07-15T08:48:29+00:00,ETH,11.88,6.48,nan,5.4,kraken,okx
2026-07-15T08:48:29+00:00,SOL,-27.93,3.32,nan,31.25,okx,kraken
2026-07-15T08:48:29+00:00,XRP,2.04,8.29,nan,6.25,okx,kraken
2026-07-15T08:58:34+00:00,BTC,12.01,10.95,nan,1.06,kraken,okx
2026-07-15T08:58:34+00:00,ETH,11.86,5.95,nan,5.92,kraken,okx
2026-07-15T08:58:34+00:00,SOL,-27.9,3.37,nan,31.28,okx,kraken
2026-07-15T08:58:34+00:00,XRP,2.04,7.42,nan,5.39,okx,kraken
2026-07-15T09:08:40+00:00,BTC,11.94,10.95,nan,0.99,kraken,okx
2026-07-15T09:08:40+00:00,ETH,23.29,5.31,nan,17.98,kraken,okx
2026-07-15T09:08:40+00:00,SOL,-7.06,3.42,nan,10.48,okx,kraken
2026-07-15T09:08:40+00:00,XRP,5.92,6.88,nan,0.97,okx,kraken
2026-07-15T09:18:45+00:00,BTC,11.92,10.95,nan,0.97,kraken,okx
2026-07-15T09:18:45+00:00,ETH,23.26,4.87,nan,18.39,kraken,okx
2026-07-15T09:18:45+00:00,SOL,-7.05,3.08,nan,10.13,okx,kraken
2026-07-15T09:18:45+00:00,XRP,5.9,6.4,nan,0.49,okx,kraken
2026-07-15T09:28:50+00:00,BTC,11.93,10.95,nan,0.98,kraken,okx
2026-07-15T09:28:50+00:00,ETH,23.28,4.13,nan,19.14,kraken,okx
2026-07-15T09:28:50+00:00,SOL,-7.05,2.48,nan,9.53,okx,kraken
2026-07-15T09:28:50+00:00,XRP,5.91,6.11,nan,0.2,okx,kraken
2026-07-15T09:38:55+00:00,BTC,11.93,10.95,nan,0.98,kraken,okx
2026-07-15T09:38:55+00:00,ETH,23.31,3.36,nan,19.95,kraken,okx
2026-07-15T09:38:55+00:00,SOL,-7.07,2.28,nan,9.34,okx,kraken
2026-07-15T09:38:55+00:00,XRP,5.91,6.15,nan,0.23,okx,kraken
2026-07-15T09:49:01+00:00,BTC,11.95,10.95,nan,1.0,kraken,okx
2026-07-15T09:49:01+00:00,ETH,23.29,2.71,nan,20.58,kraken,okx
2026-07-15T09:49:01+00:00,SOL,-7.07,2.26,nan,9.33,okx,kraken
2026-07-15T09:49:01+00:00,XRP,5.92,6.24,nan,0.32,okx,kraken
2026-07-15T09:59:07+00:00,BTC,11.96,10.95,nan,1.01,kraken,okx
2026-07-15T09:59:07+00:00,ETH,23.33,2.15,nan,21.18,kraken,okx
2026-07-15T09:59:07+00:00,SOL,-7.08,2.36,nan,9.44,okx,kraken
2026-07-15T09:59:07+00:00,XRP,5.92,6.15,nan,0.23,okx,kraken
2026-07-15T10:09:13+00:00,BTC,12.92,10.95,nan,1.97,kraken,okx
2026-07-15T10:09:13+00:00,ETH,21.11,1.6,nan,19.51,kraken,okx
2026-07-15T10:09:13+00:00,SOL,-5.4,2.67,nan,8.06,okx,kraken
2026-07-15T10:09:13+00:00,XRP,17.43,6.08,nan,11.34,kraken,okx
2026-07-15T10:19:18+00:00,BTC,12.93,10.93,nan,2.0,kraken,okx
2026-07-15T10:19:18+00:00,ETH,21.14,0.85,nan,20.29,kraken,okx
2026-07-15T10:19:18+00:00,SOL,-5.4,2.77,nan,8.17,okx,kraken
2026-07-15T10:19:18+00:00,XRP,17.44,5.78,nan,11.66,kraken,okx
2026-07-15T10:29:23+00:00,BTC,12.95,10.22,nan,2.74,kraken,okx
2026-07-15T10:29:23+00:00,ETH,21.22,0.18,nan,21.04,kraken,okx
2026-07-15T10:29:23+00:00,SOL,-5.42,2.94,nan,8.36,okx,kraken
2026-07-15T10:29:23+00:00,XRP,17.48,5.48,nan,12.0,kraken,okx
2026-07-15T10:39:28+00:00,BTC,12.95,9.46,nan,3.48,kraken,okx
2026-07-15T10:39:28+00:00,ETH,21.19,-0.55,nan,21.74,kraken,okx
2026-07-15T10:39:28+00:00,SOL,-5.42,2.96,nan,8.37,okx,kraken
2026-07-15T10:39:28+00:00,XRP,17.46,5.09,nan,12.36,kraken,okx
2026-07-15T10:49:33+00:00,BTC,12.95,8.92,nan,4.03,kraken,okx
2026-07-15T10:49:33+00:00,ETH,21.18,-1.24,nan,22.41,kraken,okx
2026-07-15T10:49:33+00:00,SOL,-5.41,3.29,nan,8.71,okx,kraken
2026-07-15T10:49:33+00:00,XRP,17.45,5.13,nan,12.32,kraken,okx
2026-07-15T11:09:59+00:00,BTC,8.75,7.97,nan,0.78,kraken,okx
2026-07-15T11:09:59+00:00,ETH,14.72,-2.08,nan,16.81,kraken,okx
2026-07-15T11:09:59+00:00,SOL,-16.72,3.92,nan,20.64,okx,kraken
2026-07-15T11:09:59+00:00,XRP,15.05,4.93,nan,10.12,kraken,okx
2026-07-15T11:20:05+00:00,BTC,8.76,7.42,nan,1.34,kraken,okx
2026-07-15T11:20:05+00:00,ETH,14.74,-2.33,nan,17.07,kraken,okx
2026-07-15T11:20:05+00:00,SOL,-16.74,4.31,nan,21.04,okx,kraken
2026-07-15T11:20:05+00:00,XRP,15.06,4.81,nan,10.26,kraken,okx
2026-07-15T11:30:10+00:00,BTC,8.76,6.87,nan,1.9,kraken,okx
2026-07-15T11:30:10+00:00,ETH,14.75,-2.87,nan,17.62,kraken,okx
2026-07-15T11:30:10+00:00,SOL,-16.73,4.35,nan,21.08,okx,kraken
2026-07-15T11:30:10+00:00,XRP,15.06,4.69,nan,10.37,kraken,okx
2026-07-15T11:40:15+00:00,BTC,8.75,6.33,nan,2.43,kraken,okx
2026-07-15T11:40:15+00:00,ETH,14.73,-3.3,nan,18.03,kraken,okx
2026-07-15T11:40:15+00:00,SOL,-16.71,4.44,nan,21.15,okx,kraken
2026-07-15T11:40:15+00:00,XRP,15.06,4.54,nan,10.51,kraken,okx
2026-07-15T11:50:21+00:00,BTC,8.76,5.88,nan,2.87,kraken,okx
2026-07-15T11:50:21+00:00,ETH,14.72,-3.5,nan,18.23,kraken,okx
2026-07-15T11:50:21+00:00,SOL,-16.73,4.36,nan,21.09,okx,kraken
2026-07-15T11:50:21+00:00,XRP,15.06,4.6,nan,10.45,kraken,okx
2026-07-15T12:00:26+00:00,BTC,9.77,5.53,nan,4.24,kraken,okx
2026-07-15T12:00:26+00:00,ETH,14.78,-3.69,nan,18.47,kraken,okx
2026-07-15T12:00:26+00:00,SOL,-9.44,4.18,nan,13.61,okx,kraken
2026-07-15T12:00:26+00:00,XRP,16.68,4.72,nan,11.95,kraken,okx
2026-07-15T12:10:32+00:00,BTC,9.78,5.17,nan,4.61,kraken,okx
2026-07-15T12:10:32+00:00,ETH,14.8,-4.07,nan,18.86,kraken,okx
2026-07-15T12:10:32+00:00,SOL,-9.46,4.25,nan,13.71,okx,kraken
2026-07-15T12:10:32+00:00,XRP,16.7,4.64,nan,12.06,kraken,okx
2026-07-15T12:20:38+00:00,BTC,9.78,4.61,nan,5.17,kraken,okx
2026-07-15T12:20:38+00:00,ETH,14.79,-4.08,nan,18.86,kraken,okx
2026-07-15T12:20:38+00:00,SOL,-9.44,4.26,nan,13.7,okx,kraken
2026-07-15T12:20:38+00:00,XRP,16.69,4.44,nan,12.25,kraken,okx
2026-07-15T12:30:43+00:00,BTC,9.74,4.25,nan,5.49,kraken,okx
2026-07-15T12:30:43+00:00,ETH,14.72,-3.78,nan,18.5,kraken,okx
2026-07-15T12:30:43+00:00,SOL,-9.41,4.1,nan,13.51,okx,kraken
2026-07-15T12:30:43+00:00,XRP,16.63,4.3,nan,12.34,kraken,okx
2026-07-15T12:40:49+00:00,BTC,9.76,4.35,nan,5.41,kraken,okx
2026-07-15T12:40:49+00:00,ETH,14.72,-3.35,nan,18.07,kraken,okx
2026-07-15T12:40:49+00:00,SOL,-9.42,4.12,nan,13.54,okx,kraken
2026-07-15T12:40:49+00:00,XRP,16.63,4.35,nan,12.28,kraken,okx
2026-07-15T12:50:54+00:00,BTC,9.73,4.47,nan,5.26,kraken,okx
2026-07-15T12:50:54+00:00,ETH,14.59,-2.86,nan,17.45,kraken,okx
2026-07-15T12:50:54+00:00,SOL,-9.38,4.21,nan,13.6,okx,kraken
2026-07-15T12:50:54+00:00,XRP,16.56,4.59,nan,11.98,kraken,okx
2026-07-15T13:01:00+00:00,BTC,6.89,4.42,nan,2.48,kraken,okx
2026-07-15T13:01:00+00:00,ETH,7.77,-2.07,nan,9.84,kraken,okx
2026-07-15T13:01:00+00:00,SOL,1.87,4.43,nan,2.56,okx,kraken
2026-07-15T13:01:00+00:00,XRP,7.22,4.3,nan,2.91,kraken,okx
2026-07-15T13:11:05+00:00,BTC,6.87,4.46,nan,2.41,kraken,okx
2026-07-15T13:11:05+00:00,ETH,7.74,-1.32,nan,9.06,kraken,okx
2026-07-15T13:11:05+00:00,SOL,1.86,4.92,nan,3.05,okx,kraken
2026-07-15T13:11:05+00:00,XRP,7.2,4.39,nan,2.82,kraken,okx
2026-07-15T13:21:11+00:00,BTC,6.85,4.77,nan,2.09,kraken,okx
2026-07-15T13:21:11+00:00,ETH,7.71,-0.97,nan,8.68,kraken,okx
2026-07-15T13:21:11+00:00,SOL,1.86,5.07,nan,3.21,okx,kraken
2026-07-15T13:21:11+00:00,XRP,7.18,4.42,nan,2.76,kraken,okx
2026-07-15T13:31:17+00:00,BTC,6.87,5.14,nan,1.73,kraken,okx
2026-07-15T13:31:17+00:00,ETH,7.73,-0.14,nan,7.87,kraken,okx
2026-07-15T13:31:17+00:00,SOL,1.86,5.05,nan,3.19,okx,kraken
2026-07-15T13:31:17+00:00,XRP,7.17,4.42,nan,2.75,kraken,okx
2026-07-15T13:41:22+00:00,BTC,6.87,5.42,nan,1.45,kraken,okx
2026-07-15T13:41:22+00:00,ETH,7.74,0.34,nan,7.4,kraken,okx
2026-07-15T13:41:22+00:00,SOL,1.86,4.96,nan,3.1,okx,kraken
2026-07-15T13:41:22+00:00,XRP,7.17,4.39,nan,2.78,kraken,okx
2026-07-15T13:51:28+00:00,BTC,6.92,5.49,nan,1.43,kraken,okx
2026-07-15T13:51:28+00:00,ETH,7.81,0.68,nan,7.13,kraken,okx
2026-07-15T13:51:28+00:00,SOL,1.88,4.48,nan,2.6,okx,kraken
2026-07-15T13:51:28+00:00,XRP,7.22,4.02,nan,3.21,kraken,okx
2026-07-15T14:01:33+00:00,BTC,-2.77,5.9,nan,8.66,okx,kraken
2026-07-15T14:01:33+00:00,ETH,4.31,1.4,nan,2.91,kraken,okx
2026-07-15T14:01:33+00:00,SOL,-1.41,4.2,nan,5.61,okx,kraken
2026-07-15T14:01:33+00:00,XRP,-15.97,4.43,nan,20.41,okx,kraken
2026-07-15T14:11:39+00:00,BTC,-2.76,6.09,nan,8.85,okx,kraken
2026-07-15T14:11:39+00:00,ETH,4.3,1.77,nan,2.53,kraken,okx
2026-07-15T14:11:39+00:00,SOL,-1.41,3.84,nan,5.24,okx,kraken
2026-07-15T14:11:39+00:00,XRP,-15.92,4.08,nan,20.0,okx,kraken
2026-07-15T14:21:45+00:00,BTC,-2.76,6.28,nan,9.04,okx,kraken
2026-07-15T14:21:45+00:00,ETH,4.31,2.24,nan,2.08,kraken,okx
2026-07-15T14:21:45+00:00,SOL,-1.41,3.43,nan,4.84,okx,kraken
2026-07-15T14:21:45+00:00,XRP,-15.98,3.91,nan,19.89,okx,kraken
2026-07-15T14:31:51+00:00,BTC,-2.76,6.38,nan,9.14,okx,kraken
2026-07-15T14:31:51+00:00,ETH,4.31,2.78,nan,1.54,kraken,okx
2026-07-15T14:31:51+00:00,SOL,-1.41,2.65,nan,4.06,okx,kraken
2026-07-15T14:31:51+00:00,XRP,-15.97,3.47,nan,19.43,okx,kraken
2026-07-15T14:41:57+00:00,BTC,-2.75,6.34,nan,9.09,okx,kraken
2026-07-15T14:41:57+00:00,ETH,4.31,3.02,nan,1.29,kraken,okx
2026-07-15T14:41:57+00:00,SOL,-1.41,2.61,nan,4.02,okx,kraken
2026-07-15T14:41:57+00:00,XRP,-15.95,3.33,nan,19.28,okx,kraken
2026-07-15T14:52:02+00:00,BTC,-2.75,6.08,nan,8.84,okx,kraken
2026-07-15T14:52:02+00:00,ETH,4.31,3.38,nan,0.93,kraken,okx
2026-07-15T14:52:02+00:00,SOL,-1.41,2.35,nan,3.76,okx,kraken
2026-07-15T14:52:02+00:00,XRP,-15.95,3.44,nan,19.39,okx,kraken
2026-07-15T15:02:08+00:00,BTC,2.46,5.63,nan,3.18,okx,kraken
2026-07-15T15:02:08+00:00,ETH,5.08,3.65,nan,1.44,kraken,okx
2026-07-15T15:02:08+00:00,SOL,-20.62,2.05,nan,22.67,okx,kraken
2026-07-15T15:02:08+00:00,XRP,-3.74,3.46,nan,7.2,okx,kraken
2026-07-15T15:12:14+00:00,BTC,2.45,5.27,nan,2.82,okx,kraken
2026-07-15T15:12:14+00:00,ETH,5.08,3.64,nan,1.43,kraken,okx
2026-07-15T15:12:14+00:00,SOL,-20.62,1.57,nan,22.18,okx,kraken
2026-07-15T15:12:14+00:00,XRP,-3.73,3.6,nan,7.33,okx,kraken
2026-07-15T15:22:20+00:00,BTC,2.45,4.85,nan,2.39,okx,kraken
2026-07-15T15:22:20+00:00,ETH,5.08,3.38,nan,1.7,kraken,okx
2026-07-15T15:22:20+00:00,SOL,-20.61,1.25,nan,21.86,okx,kraken
2026-07-15T15:22:20+00:00,XRP,-3.73,3.2,nan,6.94,okx,kraken
2026-07-15T15:32:26+00:00,BTC,2.45,4.4,nan,1.95,okx,kraken
2026-07-15T15:32:26+00:00,ETH,5.08,3.61,nan,1.48,kraken,okx
2026-07-15T15:32:26+00:00,SOL,-20.63,0.66,nan,21.29,okx,kraken
2026-07-15T15:32:26+00:00,XRP,-3.74,3.2,nan,6.94,okx,kraken
2026-07-15T15:42:32+00:00,BTC,2.45,4.08,nan,1.63,okx,kraken
2026-07-15T15:42:32+00:00,ETH,5.07,3.45,nan,1.63,kraken,okx
2026-07-15T15:42:32+00:00,SOL,-20.59,0.36,nan,20.96,okx,kraken
2026-07-15T15:42:32+00:00,XRP,-3.73,2.97,nan,6.71,okx,kraken
2026-07-15T16:02:59+00:00,BTC,-3.71,3.14,nan,6.85,okx,kraken
2026-07-15T16:02:59+00:00,ETH,5.0,3.05,nan,1.95,kraken,okx
2026-07-15T16:02:59+00:00,SOL,4.68,-0.34,nan,5.02,kraken,okx
2026-07-15T16:02:59+00:00,XRP,6.41,2.89,nan,3.52,kraken,okx
2026-07-15T16:13:10+00:00,BTC,-3.72,2.97,nan,6.7,okx,kraken
2026-07-15T16:13:10+00:00,ETH,5.02,3.25,nan,1.77,kraken,okx
2026-07-15T16:13:10+00:00,SOL,4.7,-0.82,nan,5.52,kraken,okx
2026-07-15T16:13:10+00:00,XRP,6.44,2.91,nan,3.53,kraken,okx
2026-07-15T16:23:16+00:00,BTC,-3.72,3.0,nan,6.72,okx,kraken
2026-07-15T16:23:16+00:00,ETH,5.02,3.26,nan,1.76,kraken,okx
2026-07-15T16:23:16+00:00,SOL,4.7,-1.43,nan,6.13,kraken,okx
2026-07-15T16:23:16+00:00,XRP,6.46,2.97,nan,3.49,kraken,okx
2026-07-15T16:33:22+00:00,BTC,-3.72,3.0,nan,6.73,okx,kraken
2026-07-15T16:33:22+00:00,ETH,5.02,3.34,nan,1.68,kraken,okx
2026-07-15T16:33:22+00:00,SOL,4.7,-1.47,nan,6.17,kraken,okx
2026-07-15T16:33:22+00:00,XRP,6.47,3.11,nan,3.36,kraken,okx
2026-07-15T16:43:28+00:00,BTC,-3.74,3.23,nan,6.97,okx,kraken
2026-07-15T16:43:28+00:00,ETH,5.05,3.91,nan,1.14,kraken,okx
2026-07-15T16:43:28+00:00,SOL,4.72,-1.66,nan,6.37,kraken,okx
2026-07-15T16:43:28+00:00,XRP,6.5,3.23,nan,3.27,kraken,okx
2026-07-15T16:53:34+00:00,BTC,-3.72,3.46,nan,7.18,okx,kraken
2026-07-15T16:53:34+00:00,ETH,5.03,4.33,nan,0.7,kraken,okx
2026-07-15T16:53:34+00:00,SOL,4.7,-1.89,nan,6.6,kraken,okx
2026-07-15T16:53:34+00:00,XRP,6.48,3.36,nan,3.12,kraken,okx
2026-07-15T17:03:40+00:00,BTC,-1.61,3.5,nan,5.11,okx,kraken
2026-07-15T17:03:40+00:00,ETH,-0.72,4.69,nan,5.41,okx,kraken
2026-07-15T17:03:40+00:00,SOL,-10.81,-1.7,nan,9.11,okx,kraken
2026-07-15T17:03:40+00:00,XRP,-2.75,3.47,nan,6.22,okx,kraken
2026-07-15T17:13:46+00:00,BTC,-1.61,3.82,nan,5.43,okx,kraken
2026-07-15T17:13:46+00:00,ETH,-0.72,5.16,nan,5.88,okx,kraken
2026-07-15T17:13:46+00:00,SOL,-10.81,-1.74,nan,9.08,okx,kraken
2026-07-15T17:13:46+00:00,XRP,-2.75,3.76,nan,6.51,okx,kraken
2026-07-15T17:23:52+00:00,BTC,-1.61,4.23,nan,5.84,okx,kraken
2026-07-15T17:23:52+00:00,ETH,-0.72,5.57,nan,6.29,okx,kraken
2026-07-15T17:23:52+00:00,SOL,-10.81,-1.67,nan,9.14,okx,kraken
2026-07-15T17:23:52+00:00,XRP,-2.75,4.41,nan,7.17,okx,kraken
2026-07-15T17:33:58+00:00,BTC,-1.61,4.7,nan,6.32,okx,kraken
2026-07-15T17:33:58+00:00,ETH,-0.72,6.01,nan,6.73,okx,kraken
2026-07-15T17:33:58+00:00,SOL,-10.82,-1.6,nan,9.22,okx,kraken
2026-07-15T17:33:58+00:00,XRP,-2.75,4.87,nan,7.62,okx,kraken
2026-07-15T17:44:04+00:00,BTC,-1.61,5.23,nan,6.85,okx,kraken
2026-07-15T17:44:04+00:00,ETH,-0.72,6.47,nan,7.19,okx,kraken
2026-07-15T17:44:04+00:00,SOL,-10.8,-1.48,nan,9.32,okx,kraken
2026-07-15T17:44:04+00:00,XRP,-2.75,5.13,nan,7.88,okx,kraken
2026-07-15T17:54:09+00:00,BTC,-1.61,5.61,nan,7.22,okx,kraken
2026-07-15T17:54:09+00:00,ETH,-0.72,6.88,nan,7.6,okx,kraken
2026-07-15T17:54:09+00:00,SOL,-10.8,-1.41,nan,9.38,okx,kraken
2026-07-15T17:54:09+00:00,XRP,-2.74,5.34,nan,8.08,okx,kraken
2026-07-15T18:04:15+00:00,BTC,-3.92,5.97,nan,9.89,okx,kraken
2026-07-15T18:04:15+00:00,ETH,9.96,7.2,nan,2.76,kraken,okx
2026-07-15T18:04:15+00:00,SOL,13.14,-1.16,nan,14.3,kraken,okx
2026-07-15T18:04:15+00:00,XRP,4.06,5.4,nan,1.34,okx,kraken
2026-07-15T18:14:21+00:00,BTC,-3.92,6.5,nan,10.42,okx,kraken
2026-07-15T18:14:21+00:00,ETH,9.93,7.33,nan,2.6,kraken,okx
2026-07-15T18:14:21+00:00,SOL,13.12,-0.88,nan,13.99,kraken,okx
2026-07-15T18:14:21+00:00,XRP,4.05,5.6,nan,1.55,okx,kraken
2026-07-15T18:24:27+00:00,BTC,-3.92,6.98,nan,10.9,okx,kraken
2026-07-15T18:24:27+00:00,ETH,9.95,7.32,nan,2.63,kraken,okx
2026-07-15T18:24:27+00:00,SOL,13.12,-0.62,nan,13.74,kraken,okx
2026-07-15T18:24:27+00:00,XRP,4.05,5.76,nan,1.71,okx,kraken
2026-07-15T18:34:33+00:00,BTC,-3.92,7.53,nan,11.45,okx,kraken
2026-07-15T18:34:33+00:00,ETH,9.94,7.33,nan,2.6,kraken,okx
2026-07-15T18:34:33+00:00,SOL,13.12,-0.13,nan,13.26,kraken,okx
2026-07-15T18:34:33+00:00,XRP,4.06,5.79,nan,1.73,okx,kraken
2026-07-15T18:44:39+00:00,BTC,-3.92,7.85,nan,11.77,okx,kraken
2026-07-15T18:44:39+00:00,ETH,9.97,7.41,nan,2.56,kraken,okx
2026-07-15T18:44:39+00:00,SOL,13.15,0.29,nan,12.86,kraken,okx
2026-07-15T18:44:39+00:00,XRP,4.07,5.85,nan,1.78,okx,kraken
2026-07-15T18:54:45+00:00,BTC,-3.93,8.24,nan,12.17,okx,kraken
2026-07-15T18:54:45+00:00,ETH,9.99,7.41,nan,2.58,kraken,okx
2026-07-15T18:54:45+00:00,SOL,13.19,0.5,nan,12.69,kraken,okx
2026-07-15T18:54:45+00:00,XRP,4.08,5.95,nan,1.87,okx,kraken
2026-07-15T19:04:51+00:00,BTC,1.48,8.7,nan,7.21,okx,kraken
2026-07-15T19:04:51+00:00,ETH,11.08,7.61,nan,3.47,kraken,okx
2026-07-15T19:04:51+00:00,SOL,22.49,0.4,nan,22.09,kraken,okx
2026-07-15T19:04:51+00:00,XRP,6.3,6.15,nan,0.15,kraken,okx
2026-07-15T19:14:56+00:00,BTC,1.48,8.93,nan,7.45,okx,kraken
2026-07-15T19:14:56+00:00,ETH,11.09,7.53,nan,3.56,kraken,okx
2026-07-15T19:14:56+00:00,SOL,22.51,0.19,nan,22.33,kraken,okx
2026-07-15T19:14:56+00:00,XRP,6.31,6.04,nan,0.27,kraken,okx
2026-07-15T19:25:02+00:00,BTC,1.49,8.91,nan,7.42,okx,kraken
2026-07-15T19:25:02+00:00,ETH,11.12,7.31,nan,3.81,kraken,okx
2026-07-15T19:25:02+00:00,SOL,22.61,-0.07,nan,22.68,kraken,okx
2026-07-15T19:25:02+00:00,XRP,6.31,5.92,nan,0.39,kraken,okx
2026-07-15T19:35:08+00:00,BTC,1.48,9.16,nan,7.67,okx,kraken
2026-07-15T19:35:08+00:00,ETH,11.11,7.35,nan,3.76,kraken,okx
2026-07-15T19:35:08+00:00,SOL,22.61,0.14,nan,22.47,kraken,okx
2026-07-15T19:35:08+00:00,XRP,6.31,6.03,nan,0.28,kraken,okx
2026-07-15T19:45:14+00:00,BTC,1.48,9.09,nan,7.61,okx,kraken
2026-07-15T19:45:14+00:00,ETH,11.09,7.22,nan,3.87,kraken,okx
2026-07-15T19:45:14+00:00,SOL,22.59,0.24,nan,22.35,kraken,okx
2026-07-15T19:45:14+00:00,XRP,6.31,5.82,nan,0.48,kraken,okx
2026-07-15T19:55:20+00:00,BTC,1.48,9.03,nan,7.55,okx,kraken
2026-07-15T19:55:20+00:00,ETH,11.1,6.99,nan,4.1,kraken,okx
2026-07-15T19:55:20+00:00,SOL,22.61,0.68,nan,21.94,kraken,okx
2026-07-15T19:55:20+00:00,XRP,6.32,5.93,nan,0.39,kraken,okx
2026-07-15T20:05:25+00:00,BTC,1.37,8.86,nan,7.49,okx,kraken
2026-07-15T20:05:25+00:00,ETH,-2.05,6.58,nan,8.63,okx,kraken
2026-07-15T20:05:25+00:00,SOL,-15.34,0.65,nan,15.98,okx,kraken
2026-07-15T20:05:25+00:00,XRP,-0.92,5.77,nan,6.69,okx,kraken
2026-07-15T20:15:32+00:00,BTC,1.37,8.82,nan,7.45,okx,kraken
2026-07-15T20:15:32+00:00,ETH,-2.05,6.38,nan,8.43,okx,kraken
2026-07-15T20:15:32+00:00,SOL,-15.33,0.74,nan,16.07,okx,kraken
2026-07-15T20:15:32+00:00,XRP,-0.92,5.88,nan,6.8,okx,kraken
2026-07-15T20:25:38+00:00,BTC,1.37,8.57,nan,7.2,okx,kraken
2026-07-15T20:25:38+00:00,ETH,-2.05,6.1,nan,8.15,okx,kraken
2026-07-15T20:25:38+00:00,SOL,-15.3,1.02,nan,16.32,okx,kraken
2026-07-15T20:25:38+00:00,XRP,-0.92,5.85,nan,6.77,okx,kraken
2026-07-15T20:35:44+00:00,BTC,1.37,8.17,nan,6.8,okx,kraken
2026-07-15T20:35:44+00:00,ETH,-2.05,5.65,nan,7.7,okx,kraken
2026-07-15T20:35:44+00:00,SOL,-15.3,0.88,nan,16.18,okx,kraken
2026-07-15T20:35:44+00:00,XRP,-0.92,5.64,nan,6.55,okx,kraken
2026-07-15T20:56:17+00:00,BTC,1.37,7.85,nan,6.48,okx,kraken
2026-07-15T20:56:17+00:00,ETH,-2.05,4.7,nan,6.75,okx,kraken
2026-07-15T20:56:17+00:00,SOL,-15.3,1.24,nan,16.54,okx,kraken
2026-07-15T20:56:17+00:00,XRP,-0.92,5.71,nan,6.62,okx,kraken
2026-07-15T21:06:22+00:00,BTC,3.31,7.77,nan,4.46,okx,kraken
2026-07-15T21:06:22+00:00,ETH,-10.93,4.51,nan,15.44,okx,kraken
2026-07-15T21:06:22+00:00,SOL,8.95,1.75,nan,7.2,kraken,okx
2026-07-15T21:06:22+00:00,XRP,-0.52,5.64,nan,6.17,okx,kraken
2026-07-15T21:16:30+00:00,BTC,3.31,7.76,nan,4.45,okx,kraken
2026-07-15T21:16:30+00:00,ETH,-10.93,4.41,nan,15.34,okx,kraken
2026-07-15T21:16:30+00:00,SOL,8.96,1.97,nan,6.99,kraken,okx
2026-07-15T21:16:30+00:00,XRP,-0.52,5.04,nan,5.56,okx,kraken
2026-07-15T21:26:37+00:00,BTC,3.31,7.58,nan,4.27,okx,kraken
2026-07-15T21:26:37+00:00,ETH,-10.92,4.36,nan,15.28,okx,kraken
2026-07-15T21:26:37+00:00,SOL,8.96,2.07,nan,6.89,kraken,okx
2026-07-15T21:26:37+00:00,XRP,-0.52,4.3,nan,4.82,okx,kraken
2026-07-15T21:36:43+00:00,BTC,3.31,7.53,nan,4.22,okx,kraken
2026-07-15T21:36:43+00:00,ETH,-10.94,4.38,nan,15.33,okx,kraken
2026-07-15T21:36:43+00:00,SOL,8.98,2.35,nan,6.62,kraken,okx
2026-07-15T21:36:43+00:00,XRP,-0.52,3.43,nan,3.95,okx,kraken
2026-07-15T21:46:51+00:00,BTC,3.31,7.72,nan,4.4,okx,kraken
2026-07-15T21:46:51+00:00,ETH,-10.95,4.33,nan,15.28,okx,kraken
2026-07-15T21:46:51+00:00,SOL,8.97,2.56,nan,6.41,kraken,okx
2026-07-15T21:46:51+00:00,XRP,-0.52,2.9,nan,3.43,okx,kraken
2026-07-15T21:56:57+00:00,BTC,3.31,8.05,nan,4.74,okx,kraken
2026-07-15T21:56:57+00:00,ETH,-10.94,4.48,nan,15.42,okx,kraken
2026-07-15T21:56:57+00:00,SOL,8.96,2.67,nan,6.29,kraken,okx
2026-07-15T21:56:57+00:00,XRP,-0.52,2.49,nan,3.01,okx,kraken
2026-07-15T22:07:03+00:00,BTC,-3.25,8.15,nan,11.39,okx,kraken
2026-07-15T22:07:03+00:00,ETH,-10.08,4.36,nan,14.44,okx,kraken
2026-07-15T22:07:03+00:00,SOL,3.07,2.87,nan,0.2,kraken,okx
2026-07-15T22:07:03+00:00,XRP,-6.27,1.59,nan,7.86,okx,kraken
2026-07-15T22:17:15+00:00,BTC,-3.25,8.42,nan,11.67,okx,kraken
2026-07-15T22:17:15+00:00,ETH,-10.09,4.07,nan,14.16,okx,kraken
2026-07-15T22:17:15+00:00,SOL,3.06,3.34,nan,0.28,okx,kraken
2026-07-15T22:17:15+00:00,XRP,-6.27,0.52,nan,6.79,okx,kraken
2026-07-15T22:27:21+00:00,BTC,-3.24,8.67,nan,11.91,okx,kraken
2026-07-15T22:27:21+00:00,ETH,-10.08,4.17,nan,14.26,okx,kraken
2026-07-15T22:27:21+00:00,SOL,3.06,3.6,nan,0.53,okx,kraken
2026-07-15T22:27:21+00:00,XRP,-6.27,-0.19,nan,6.08,okx,kraken
2026-07-15T22:37:28+00:00,BTC,-3.24,8.88,nan,12.12,okx,kraken
2026-07-15T22:37:28+00:00,ETH,-10.07,4.41,nan,14.48,okx,kraken
2026-07-15T22:37:28+00:00,SOL,3.06,4.04,nan,0.98,okx,kraken
2026-07-15T22:37:28+00:00,XRP,-6.26,-0.83,nan,5.43,okx,kraken
2026-07-15T22:47:34+00:00,BTC,-3.24,8.94,nan,12.18,okx,kraken
2026-07-15T22:47:34+00:00,ETH,-10.07,4.5,nan,14.58,okx,kraken
2026-07-15T22:47:34+00:00,SOL,3.06,4.43,nan,1.36,okx,kraken
2026-07-15T22:47:34+00:00,XRP,-6.27,-1.59,nan,4.68,okx,kraken
2026-07-15T22:57:41+00:00,BTC,-3.24,8.99,nan,12.23,okx,kraken
2026-07-15T22:57:41+00:00,ETH,-10.08,4.4,nan,14.48,okx,kraken
2026-07-15T22:57:41+00:00,SOL,3.07,4.47,nan,1.41,okx,kraken
2026-07-15T22:57:41+00:00,XRP,-6.27,-2.23,nan,4.04,okx,kraken
2026-07-15T23:07:48+00:00,BTC,0.09,8.91,nan,8.83,okx,kraken
2026-07-15T23:07:48+00:00,ETH,-8.97,4.08,nan,13.05,okx,kraken
2026-07-15T23:07:48+00:00,SOL,-0.94,4.61,nan,5.55,okx,kraken
2026-07-15T23:07:48+00:00,XRP,-3.62,-2.37,nan,1.24,okx,kraken
2026-07-15T23:17:54+00:00,BTC,0.09,9.08,nan,9.0,okx,kraken
2026-07-15T23:17:54+00:00,ETH,-8.98,4.18,nan,13.16,okx,kraken
2026-07-15T23:17:54+00:00,SOL,-0.94,4.74,nan,5.68,okx,kraken
2026-07-15T23:17:54+00:00,XRP,-3.62,-2.55,nan,1.07,okx,kraken
2026-07-15T23:28:01+00:00,BTC,0.09,9.07,nan,8.98,okx,kraken
2026-07-15T23:28:01+00:00,ETH,-8.99,4.16,nan,13.15,okx,kraken
2026-07-15T23:28:01+00:00,SOL,-0.94,4.77,nan,5.71,okx,kraken
2026-07-15T23:28:01+00:00,XRP,-3.62,-2.61,nan,1.01,okx,kraken
2026-07-15T23:38:07+00:00,BTC,0.09,8.96,nan,8.87,okx,kraken
2026-07-15T23:38:07+00:00,ETH,-8.99,3.99,nan,12.98,okx,kraken
2026-07-15T23:38:07+00:00,SOL,-0.94,4.69,nan,5.64,okx,kraken
2026-07-15T23:38:07+00:00,XRP,-3.62,-2.98,nan,0.64,okx,kraken
2026-07-15T23:48:13+00:00,BTC,0.09,8.84,nan,8.75,okx,kraken
2026-07-15T23:48:13+00:00,ETH,-9.02,4.14,nan,13.16,okx,kraken
2026-07-15T23:48:13+00:00,SOL,-0.95,4.66,nan,5.61,okx,kraken
2026-07-15T23:48:13+00:00,XRP,-3.62,-3.09,nan,0.53,okx,kraken
2026-07-15T23:58:20+00:00,BTC,0.09,8.89,nan,8.81,okx,kraken
2026-07-15T23:58:20+00:00,ETH,-9.01,4.43,nan,13.44,okx,kraken
2026-07-15T23:58:20+00:00,SOL,-0.95,4.92,nan,5.86,okx,kraken
2026-07-15T23:58:20+00:00,XRP,-3.62,-3.48,nan,0.14,okx,kraken
2026-07-16T00:08:26+00:00,BTC,1.55,8.74,nan,7.18,okx,kraken
2026-07-16T00:08:26+00:00,ETH,-6.59,4.74,nan,11.33,okx,kraken
2026-07-16T00:08:26+00:00,SOL,-12.24,5.06,nan,17.3,okx,kraken
2026-07-16T00:08:26+00:00,XRP,-0.93,-3.37,nan,2.44,kraken,okx
2026-07-16T00:18:33+00:00,BTC,1.55,8.51,nan,6.96,okx,kraken
2026-07-16T00:18:33+00:00,ETH,-6.58,5.24,nan,11.83,okx,kraken
2026-07-16T00:18:33+00:00,SOL,-12.27,5.33,nan,17.6,okx,kraken
2026-07-16T00:18:33+00:00,XRP,-0.93,-3.16,nan,2.23,kraken,okx
2026-07-16T00:28:39+00:00,BTC,1.56,8.16,nan,6.6,okx,kraken
2026-07-16T00:28:39+00:00,ETH,-6.6,5.51,nan,12.11,okx,kraken
2026-07-16T00:28:39+00:00,SOL,-12.3,5.36,nan,17.65,okx,kraken
2026-07-16T00:28:39+00:00,XRP,-0.94,-3.34,nan,2.4,kraken,okx
2026-07-16T00:38:45+00:00,BTC,1.56,8.12,nan,6.56,okx,kraken
2026-07-16T00:38:45+00:00,ETH,-6.61,5.69,nan,12.3,okx,kraken
2026-07-16T00:38:45+00:00,SOL,-12.31,5.14,nan,17.45,okx,kraken
2026-07-16T00:38:45+00:00,XRP,-0.94,-3.53,nan,2.59,kraken,okx
2026-07-16T00:48:52+00:00,BTC,1.56,7.8,nan,6.24,okx,kraken
2026-07-16T00:48:52+00:00,ETH,-6.61,5.85,nan,12.46,okx,kraken
2026-07-16T00:48:52+00:00,SOL,-12.34,4.77,nan,17.1,okx,kraken
2026-07-16T00:48:52+00:00,XRP,-0.94,-3.54,nan,2.6,kraken,okx
2026-07-16T00:58:58+00:00,BTC,1.56,7.75,nan,6.19,okx,kraken
2026-07-16T00:58:58+00:00,ETH,-6.6,6.3,nan,12.9,okx,kraken
2026-07-16T00:58:58+00:00,SOL,-12.31,4.72,nan,17.03,okx,kraken
2026-07-16T00:58:58+00:00,XRP,-0.94,-3.18,nan,2.24,kraken,okx
2026-07-16T01:09:05+00:00,BTC,-0.76,7.68,nan,8.43,okx,kraken
2026-07-16T01:09:05+00:00,ETH,-3.14,6.79,nan,9.93,okx,kraken
2026-07-16T01:09:05+00:00,SOL,-34.31,4.25,nan,38.56,okx,kraken
2026-07-16T01:09:05+00:00,XRP,-2.36,-2.95,nan,0.58,kraken,okx
2026-07-16T01:19:12+00:00,BTC,-0.76,7.54,nan,8.3,okx,kraken
2026-07-16T01:19:12+00:00,ETH,-3.15,7.08,nan,10.23,okx,kraken
2026-07-16T01:19:12+00:00,SOL,-34.43,3.45,nan,37.88,okx,kraken
2026-07-16T01:19:12+00:00,XRP,-2.37,-2.92,nan,0.55,kraken,okx
2026-07-16T01:29:18+00:00,BTC,-0.76,7.63,nan,8.39,okx,kraken
2026-07-16T01:29:18+00:00,ETH,-3.14,7.46,nan,10.6,okx,kraken
2026-07-16T01:29:18+00:00,SOL,-34.41,3.02,nan,37.43,okx,kraken
2026-07-16T01:29:18+00:00,XRP,-2.37,-2.91,nan,0.55,kraken,okx
2026-07-16T01:49:47+00:00,BTC,-0.75,7.99,nan,8.74,okx,kraken
2026-07-16T01:49:47+00:00,ETH,-3.13,8.42,nan,11.54,okx,kraken
2026-07-16T01:49:47+00:00,SOL,-34.31,2.31,nan,36.62,okx,kraken
2026-07-16T01:49:47+00:00,XRP,-2.36,-2.26,nan,0.1,okx,kraken
2026-07-16T01:59:52+00:00,BTC,-0.75,7.76,nan,8.52,okx,kraken
2026-07-16T01:59:52+00:00,ETH,-3.13,8.72,nan,11.85,okx,kraken
2026-07-16T01:59:52+00:00,SOL,-34.3,2.02,nan,36.32,okx,kraken
2026-07-16T01:59:52+00:00,XRP,-2.36,-1.78,nan,0.57,okx,kraken
2026-07-16T02:09:58+00:00,BTC,-0.47,7.47,nan,7.94,okx,kraken
2026-07-16T02:09:58+00:00,ETH,-6.06,8.72,nan,14.79,okx,kraken
2026-07-16T02:09:58+00:00,SOL,-28.74,1.68,nan,30.41,okx,kraken
2026-07-16T02:09:58+00:00,XRP,-1.88,-1.54,nan,0.34,okx,kraken
2026-07-16T02:20:03+00:00,BTC,-0.47,7.27,nan,7.74,okx,kraken
2026-07-16T02:20:03+00:00,ETH,-6.06,8.89,nan,14.95,okx,kraken
2026-07-16T02:20:03+00:00,SOL,-28.74,1.21,nan,29.96,okx,kraken
2026-07-16T02:20:03+00:00,XRP,-1.88,-1.28,nan,0.6,okx,kraken
2026-07-16T02:30:09+00:00,BTC,-0.47,7.36,nan,7.83,okx,kraken
2026-07-16T02:30:09+00:00,ETH,-6.06,9.37,nan,15.43,okx,kraken
2026-07-16T02:30:09+00:00,SOL,-28.73,1.4,nan,30.13,okx,kraken
2026-07-16T02:30:09+00:00,XRP,-1.87,-0.97,nan,0.91,okx,kraken
2026-07-16T02:40:14+00:00,BTC,-0.47,7.41,nan,7.88,okx,kraken
2026-07-16T02:40:14+00:00,ETH,-6.06,9.75,nan,15.82,okx,kraken
2026-07-16T02:40:14+00:00,SOL,-28.74,1.3,nan,30.04,okx,kraken
2026-07-16T02:40:14+00:00,XRP,-1.87,-0.71,nan,1.17,okx,kraken
2026-07-16T02:50:20+00:00,BTC,-0.47,7.4,nan,7.87,okx,kraken
2026-07-16T02:50:20+00:00,ETH,-6.05,10.06,nan,16.11,okx,kraken
2026-07-16T02:50:20+00:00,SOL,-28.71,1.47,nan,30.18,okx,kraken
2026-07-16T02:50:20+00:00,XRP,-1.87,-0.33,nan,1.54,okx,kraken
2026-07-16T03:00:25+00:00,BTC,6.1,7.49,nan,1.39,okx,kraken
2026-07-16T03:00:25+00:00,ETH,-5.63,10.26,nan,15.88,okx,kraken
2026-07-16T03:00:25+00:00,SOL,-18.97,1.73,nan,20.7,okx,kraken
2026-07-16T03:00:25+00:00,XRP,7.03,-0.05,nan,7.08,kraken,okx
2026-07-16T03:10:31+00:00,BTC,6.1,7.39,nan,1.29,okx,kraken
2026-07-16T03:10:31+00:00,ETH,-5.62,10.29,nan,15.92,okx,kraken
2026-07-16T03:10:31+00:00,SOL,-18.96,1.36,nan,20.32,okx,kraken
2026-07-16T03:10:31+00:00,XRP,7.03,0.06,nan,6.98,kraken,okx
2026-07-16T03:20:36+00:00,BTC,6.1,7.41,nan,1.31,okx,kraken
2026-07-16T03:20:36+00:00,ETH,-5.63,10.31,nan,15.94,okx,kraken
2026-07-16T03:20:36+00:00,SOL,-18.97,1.16,nan,20.14,okx,kraken
2026-07-16T03:20:36+00:00,XRP,7.04,0.53,nan,6.52,kraken,okx
2026-07-16T03:30:42+00:00,BTC,6.09,7.35,nan,1.26,okx,kraken
2026-07-16T03:30:42+00:00,ETH,-5.63,10.17,nan,15.8,okx,kraken
2026-07-16T03:30:42+00:00,SOL,-18.99,0.74,nan,19.72,okx,kraken
2026-07-16T03:30:42+00:00,XRP,7.04,0.7,nan,6.34,kraken,okx
2026-07-16T03:40:47+00:00,BTC,6.09,7.39,nan,1.3,okx,kraken
2026-07-16T03:40:47+00:00,ETH,-5.63,10.07,nan,15.7,okx,kraken
2026-07-16T03:40:47+00:00,SOL,-18.98,0.66,nan,19.64,okx,kraken
2026-07-16T03:40:47+00:00,XRP,7.04,1.08,nan,5.97,kraken,okx
2026-07-16T03:50:53+00:00,BTC,6.1,7.12,nan,1.02,okx,kraken
2026-07-16T03:50:53+00:00,ETH,-5.65,9.82,nan,15.47,okx,kraken
2026-07-16T03:50:53+00:00,SOL,-19.03,0.59,nan,19.62,okx,kraken
2026-07-16T03:50:53+00:00,XRP,7.06,1.2,nan,5.86,kraken,okx
2026-07-16T04:00:58+00:00,BTC,12.7,7.01,nan,5.69,kraken,okx
2026-07-16T04:00:58+00:00,ETH,-0.4,9.68,nan,10.08,okx,kraken
2026-07-16T04:00:58+00:00,SOL,-27.01,0.39,nan,27.41,okx,kraken
2026-07-16T04:00:58+00:00,XRP,3.44,1.31,nan,2.13,kraken,okx
2026-07-16T04:11:03+00:00,BTC,12.71,6.92,nan,5.78,kraken,okx
2026-07-16T04:11:03+00:00,ETH,-0.4,9.54,nan,9.93,okx,kraken
2026-07-16T04:11:03+00:00,SOL,-27.05,0.51,nan,27.56,okx,kraken
2026-07-16T04:11:03+00:00,XRP,3.44,1.23,nan,2.21,kraken,okx
2026-07-16T04:21:09+00:00,BTC,12.71,6.77,nan,5.94,kraken,okx
2026-07-16T04:21:09+00:00,ETH,-0.4,9.52,nan,9.92,okx,kraken
2026-07-16T04:21:09+00:00,SOL,-27.05,0.63,nan,27.68,okx,kraken
2026-07-16T04:21:09+00:00,XRP,3.44,1.41,nan,2.04,kraken,okx
2026-07-16T04:31:15+00:00,BTC,12.7,6.66,nan,6.04,kraken,okx
2026-07-16T04:31:15+00:00,ETH,-0.4,9.6,nan,10.0,okx,kraken
2026-07-16T04:31:15+00:00,SOL,-27.04,0.78,nan,27.82,okx,kraken
2026-07-16T04:31:15+00:00,XRP,3.44,1.56,nan,1.88,kraken,okx
2026-07-16T04:41:20+00:00,BTC,12.71,6.48,nan,6.23,kraken,okx
2026-07-16T04:41:20+00:00,ETH,-0.4,9.67,nan,10.07,okx,kraken
2026-07-16T04:41:20+00:00,SOL,-27.05,0.98,nan,28.04,okx,kraken
2026-07-16T04:41:20+00:00,XRP,3.44,1.96,nan,1.48,kraken,okx
2026-07-16T04:51:26+00:00,BTC,12.71,6.47,nan,6.24,kraken,okx
2026-07-16T04:51:26+00:00,ETH,-0.4,9.79,nan,10.19,okx,kraken
2026-07-16T04:51:26+00:00,SOL,-27.1,1.26,nan,28.36,okx,kraken
2026-07-16T04:51:26+00:00,XRP,3.44,2.28,nan,1.16,kraken,okx
2026-07-16T05:01:32+00:00,BTC,9.3,6.46,nan,2.84,kraken,okx
2026-07-16T05:01:32+00:00,ETH,-0.88,9.77,nan,10.64,okx,kraken
2026-07-16T05:01:32+00:00,SOL,-8.55,1.3,nan,9.85,okx,kraken
2026-07-16T05:01:32+00:00,XRP,2.66,2.31,nan,0.35,kraken,okx
2026-07-16T05:11:38+00:00,BTC,9.29,6.51,nan,2.78,kraken,okx
2026-07-16T05:11:38+00:00,ETH,-0.88,10.08,nan,10.96,okx,kraken
2026-07-16T05:11:38+00:00,SOL,-8.55,1.6,nan,10.15,okx,kraken
2026-07-16T05:11:38+00:00,XRP,2.66,2.25,nan,0.4,kraken,okx
2026-07-16T05:21:43+00:00,BTC,9.27,6.48,nan,2.79,kraken,okx
2026-07-16T05:21:43+00:00,ETH,-0.87,10.41,nan,11.29,okx,kraken
2026-07-16T05:21:43+00:00,SOL,-8.52,1.94,nan,10.46,okx,kraken
2026-07-16T05:21:43+00:00,XRP,2.65,2.52,nan,0.13,kraken,okx
2026-07-16T05:31:48+00:00,BTC,9.26,6.14,nan,3.12,kraken,okx
2026-07-16T05:31:48+00:00,ETH,-0.87,10.2,nan,11.07,okx,kraken
2026-07-16T05:31:48+00:00,SOL,-8.5,2.11,nan,10.61,okx,kraken
2026-07-16T05:31:48+00:00,XRP,2.65,2.59,nan,0.06,kraken,okx
2026-07-16T05:41:54+00:00,BTC,9.26,5.63,nan,3.63,kraken,okx
2026-07-16T05:41:54+00:00,ETH,-0.87,9.95,nan,10.82,okx,kraken
2026-07-16T05:41:54+00:00,SOL,-8.48,2.14,nan,10.63,okx,kraken
2026-07-16T05:41:54+00:00,XRP,2.65,2.65,nan,0.0,okx,kraken
2026-07-16T05:51:59+00:00,BTC,9.26,5.24,nan,4.02,kraken,okx
2026-07-16T05:51:59+00:00,ETH,-0.87,9.56,nan,10.44,okx,kraken
2026-07-16T05:51:59+00:00,SOL,-8.49,1.68,nan,10.16,okx,kraken
2026-07-16T05:51:59+00:00,XRP,2.65,2.53,nan,0.12,kraken,okx
2026-07-16T06:02:05+00:00,BTC,13.84,5.0,nan,8.84,kraken,okx
2026-07-16T06:02:05+00:00,ETH,5.89,9.14,nan,3.26,okx,kraken
2026-07-16T06:02:05+00:00,SOL,7.32,1.45,nan,5.87,kraken,okx
2026-07-16T06:02:05+00:00,XRP,3.3,2.43,nan,0.88,kraken,okx
2026-07-16T06:12:10+00:00,BTC,13.85,4.8,nan,9.05,kraken,okx
2026-07-16T06:12:10+00:00,ETH,5.89,8.89,nan,3.0,okx,kraken
2026-07-16T06:12:10+00:00,SOL,7.33,1.53,nan,5.79,kraken,okx
2026-07-16T06:12:10+00:00,XRP,3.3,2.47,nan,0.83,kraken,okx
2026-07-16T06:22:16+00:00,BTC,13.85,4.56,nan,9.29,kraken,okx
2026-07-16T06:22:16+00:00,ETH,5.89,8.55,nan,2.66,okx,kraken
2026-07-16T06:22:16+00:00,SOL,7.33,1.68,nan,5.65,kraken,okx
2026-07-16T06:22:16+00:00,XRP,3.31,2.47,nan,0.84,kraken,okx
2026-07-16T06:42:42+00:00,BTC,13.89,4.14,nan,9.74,kraken,okx
2026-07-16T06:42:42+00:00,ETH,5.91,7.99,nan,2.09,okx,kraken
2026-07-16T06:42:42+00:00,SOL,7.35,1.57,nan,5.77,kraken,okx
2026-07-16T06:42:42+00:00,XRP,3.31,2.26,nan,1.05,kraken,okx
2026-07-16T06:52:48+00:00,BTC,13.87,4.15,nan,9.72,kraken,okx
2026-07-16T06:52:48+00:00,ETH,5.9,7.95,nan,2.05,okx,kraken
2026-07-16T06:52:48+00:00,SOL,7.33,1.55,nan,5.78,kraken,okx
2026-07-16T06:52:48+00:00,XRP,3.31,2.24,nan,1.06,kraken,okx
2026-07-16T07:02:54+00:00,BTC,9.61,4.12,nan,5.5,kraken,okx
2026-07-16T07:02:54+00:00,ETH,31.74,7.86,nan,23.88,kraken,okx
2026-07-16T07:02:54+00:00,SOL,-1.18,1.42,nan,2.6,okx,kraken
2026-07-16T07:02:54+00:00,XRP,-3.1,2.44,nan,5.54,okx,kraken
2026-07-16T07:12:59+00:00,BTC,9.62,3.95,nan,5.67,kraken,okx
2026-07-16T07:12:59+00:00,ETH,31.73,7.64,nan,24.09,kraken,okx
2026-07-16T07:12:59+00:00,SOL,-1.18,1.54,nan,2.72,okx,kraken
2026-07-16T07:12:59+00:00,XRP,-3.1,2.79,nan,5.88,okx,kraken
2026-07-16T07:23:05+00:00,BTC,9.64,3.85,nan,5.79,kraken,okx
2026-07-16T07:23:05+00:00,ETH,31.79,7.55,nan,24.23,kraken,okx
2026-07-16T07:23:05+00:00,SOL,-1.18,1.53,nan,2.71,okx,kraken
2026-07-16T07:23:05+00:00,XRP,-3.1,3.08,nan,6.18,okx,kraken
2026-07-16T07:33:10+00:00,BTC,9.66,3.77,nan,5.89,kraken,okx
2026-07-16T07:33:10+00:00,ETH,31.83,7.46,nan,24.38,kraken,okx
2026-07-16T07:33:10+00:00,SOL,-1.19,1.52,nan,2.7,okx,kraken
2026-07-16T07:33:10+00:00,XRP,-3.11,2.85,nan,5.95,okx,kraken
2026-07-16T07:43:16+00:00,BTC,9.69,3.76,nan,5.93,kraken,okx
2026-07-16T07:43:16+00:00,ETH,31.97,7.71,nan,24.26,kraken,okx
2026-07-16T07:43:16+00:00,SOL,-1.2,1.42,nan,2.61,okx,kraken
2026-07-16T07:43:16+00:00,XRP,-3.12,2.8,nan,5.92,okx,kraken
2026-07-16T07:53:22+00:00,BTC,9.71,3.93,nan,5.78,kraken,okx
2026-07-16T07:53:22+00:00,ETH,32.01,8.08,nan,23.93,kraken,okx
2026-07-16T07:53:22+00:00,SOL,-1.2,1.4,nan,2.6,okx,kraken
2026-07-16T07:53:22+00:00,XRP,-3.13,3.16,nan,6.28,okx,kraken
2026-07-16T08:03:27+00:00,BTC,6.13,4.17,nan,1.95,kraken,okx
2026-07-16T08:03:27+00:00,ETH,14.5,8.35,nan,6.16,kraken,okx
2026-07-16T08:03:27+00:00,SOL,-3.57,1.79,nan,5.36,okx,kraken
2026-07-16T08:03:27+00:00,XRP,-9.41,3.68,nan,13.09,okx,kraken
2026-07-16T08:13:33+00:00,BTC,6.15,4.34,nan,1.81,kraken,okx
2026-07-16T08:13:33+00:00,ETH,14.64,7.6,nan,7.05,kraken,okx
2026-07-16T08:13:33+00:00,SOL,-3.59,1.46,nan,5.05,okx,kraken
2026-07-16T08:13:33+00:00,XRP,-9.45,3.41,nan,12.86,okx,kraken
2026-07-16T08:23:38+00:00,BTC,6.14,4.48,nan,1.66,kraken,okx
2026-07-16T08:23:38+00:00,ETH,14.71,7.26,nan,7.45,kraken,okx
2026-07-16T08:23:38+00:00,SOL,-3.59,1.2,nan,4.79,okx,kraken
2026-07-16T08:23:38+00:00,XRP,-9.45,3.29,nan,12.73,okx,kraken
2026-07-16T08:33:45+00:00,BTC,6.13,4.53,nan,1.59,kraken,okx
2026-07-16T08:33:45+00:00,ETH,14.64,6.82,nan,7.81,kraken,okx
2026-07-16T08:33:45+00:00,SOL,-3.57,1.42,nan,4.99,okx,kraken
2026-07-16T08:33:45+00:00,XRP,-9.4,3.47,nan,12.88,okx,kraken
2026-07-16T08:43:50+00:00,BTC,6.12,4.25,nan,1.88,kraken,okx
2026-07-16T08:43:50+00:00,ETH,14.64,6.32,nan,8.32,kraken,okx
2026-07-16T08:43:50+00:00,SOL,-3.57,1.53,nan,5.1,okx,kraken
2026-07-16T08:43:50+00:00,XRP,-9.4,3.74,nan,13.14,okx,kraken
2026-07-16T08:53:56+00:00,BTC,6.14,4.09,nan,2.05,kraken,okx
2026-07-16T08:53:56+00:00,ETH,14.7,5.84,nan,8.85,kraken,okx
2026-07-16T08:53:56+00:00,SOL,-3.58,1.57,nan,5.15,okx,kraken
2026-07-16T08:53:56+00:00,XRP,-9.42,3.73,nan,13.15,okx,kraken
2026-07-16T09:04:02+00:00,BTC,10.64,4.13,nan,6.51,kraken,okx
2026-07-16T09:04:02+00:00,ETH,18.55,5.89,nan,12.66,kraken,okx
2026-07-16T09:04:02+00:00,SOL,4.3,1.88,nan,2.41,kraken,okx
2026-07-16T09:04:02+00:00,XRP,9.08,3.8,nan,5.27,kraken,okx
2026-07-16T09:14:08+00:00,BTC,10.65,4.23,nan,6.42,kraken,okx
2026-07-16T09:14:08+00:00,ETH,18.57,6.02,nan,12.55,kraken,okx
2026-07-16T09:14:08+00:00,SOL,4.3,2.05,nan,2.25,kraken,okx
2026-07-16T09:14:08+00:00,XRP,9.08,3.99,nan,5.09,kraken,okx
2026-07-16T09:24:14+00:00,BTC,10.66,4.2,nan,6.46,kraken,okx
2026-07-16T09:24:14+00:00,ETH,18.58,6.14,nan,12.44,kraken,okx
2026-07-16T09:24:14+00:00,SOL,4.3,2.35,nan,1.96,kraken,okx
2026-07-16T09:24:14+00:00,XRP,9.09,4.39,nan,4.7,kraken,okx
2026-07-16T09:34:19+00:00,BTC,10.66,4.22,nan,6.44,kraken,okx
2026-07-16T09:34:19+00:00,ETH,18.6,6.18,nan,12.42,kraken,okx
2026-07-16T09:34:19+00:00,SOL,4.3,2.64,nan,1.66,kraken,okx
2026-07-16T09:34:19+00:00,XRP,9.09,4.8,nan,4.29,kraken,okx
2026-07-16T09:44:25+00:00,BTC,10.65,4.48,nan,6.18,kraken,okx
2026-07-16T09:44:25+00:00,ETH,18.59,6.4,nan,12.18,kraken,okx
2026-07-16T09:44:25+00:00,SOL,4.3,2.51,nan,1.79,kraken,okx
2026-07-16T09:44:25+00:00,XRP,9.09,4.87,nan,4.22,kraken,okx
2026-07-16T09:54:31+00:00,BTC,10.66,4.45,nan,6.21,kraken,okx
2026-07-16T09:54:31+00:00,ETH,18.6,6.59,nan,12.02,kraken,okx
2026-07-16T09:54:31+00:00,SOL,4.31,2.48,nan,1.83,kraken,okx
2026-07-16T09:54:31+00:00,XRP,9.1,5.18,nan,3.92,kraken,okx
2026-07-16T10:04:37+00:00,BTC,8.38,4.64,nan,3.74,kraken,okx
2026-07-16T10:04:37+00:00,ETH,18.09,6.64,nan,11.46,kraken,okx
2026-07-16T10:04:37+00:00,SOL,10.79,2.45,nan,8.34,kraken,okx
2026-07-16T10:04:37+00:00,XRP,6.19,5.41,nan,0.77,kraken,okx
2026-07-16T10:14:43+00:00,BTC,8.37,4.87,nan,3.5,kraken,okx
2026-07-16T10:14:43+00:00,ETH,18.07,6.68,nan,11.39,kraken,okx
2026-07-16T10:14:43+00:00,SOL,10.78,2.43,nan,8.35,kraken,okx
2026-07-16T10:14:43+00:00,XRP,6.18,5.73,nan,0.45,kraken,okx
2026-07-16T10:24:48+00:00,BTC,8.37,5.07,nan,3.3,kraken,okx
2026-07-16T10:24:48+00:00,ETH,18.06,6.75,nan,11.31,kraken,okx
2026-07-16T10:24:48+00:00,SOL,10.77,2.43,nan,8.33,kraken,okx
2026-07-16T10:24:48+00:00,XRP,6.18,6.33,nan,0.15,okx,kraken
2026-07-16T10:34:54+00:00,BTC,8.36,4.91,nan,3.45,kraken,okx
2026-07-16T10:34:54+00:00,ETH,18.02,6.77,nan,11.25,kraken,okx
2026-07-16T10:34:54+00:00,SOL,10.75,2.41,nan,8.34,kraken,okx
2026-07-16T10:34:54+00:00,XRP,6.17,6.83,nan,0.67,okx,kraken
2026-07-16T10:45:00+00:00,BTC,8.37,4.7,nan,3.67,kraken,okx
2026-07-16T10:45:00+00:00,ETH,18.06,6.61,nan,11.45,kraken,okx
2026-07-16T10:45:00+00:00,SOL,10.77,2.07,nan,8.7,kraken,okx
2026-07-16T10:45:00+00:00,XRP,6.17,6.9,nan,0.73,okx,kraken
2026-07-16T10:55:06+00:00,BTC,8.37,4.62,nan,3.75,kraken,okx
2026-07-16T10:55:06+00:00,ETH,18.07,6.33,nan,11.74,kraken,okx
2026-07-16T10:55:06+00:00,SOL,10.77,1.62,nan,9.16,kraken,okx
2026-07-16T10:55:06+00:00,XRP,6.17,7.39,nan,1.22,okx,kraken
2026-07-16T11:05:11+00:00,BTC,8.73,4.49,nan,4.23,kraken,okx
2026-07-16T11:05:11+00:00,ETH,19.91,6.14,nan,13.77,kraken,okx
2026-07-16T11:05:11+00:00,SOL,18.48,1.45,nan,17.03,kraken,okx
2026-07-16T11:05:11+00:00,XRP,11.49,7.82,nan,3.66,kraken,okx
2026-07-16T11:15:17+00:00,BTC,8.72,4.43,nan,4.3,kraken,okx
2026-07-16T11:15:17+00:00,ETH,19.91,5.67,nan,14.25,kraken,okx
2026-07-16T11:15:17+00:00,SOL,18.45,1.13,nan,17.33,kraken,okx
2026-07-16T11:15:17+00:00,XRP,11.48,7.67,nan,3.81,kraken,okx
2026-07-16T11:25:45+00:00,BTC,8.72,4.49,nan,4.22,kraken,okx
2026-07-16T11:25:45+00:00,ETH,19.91,5.51,nan,14.39,kraken,okx
2026-07-16T11:25:45+00:00,SOL,18.45,1.25,nan,17.2,kraken,okx
2026-07-16T11:25:45+00:00,XRP,11.48,7.93,nan,3.55,kraken,okx
2026-07-16T11:35:51+00:00,BTC,8.72,4.36,nan,4.36,kraken,okx
2026-07-16T11:35:51+00:00,ETH,19.93,5.32,nan,14.61,kraken,okx
2026-07-16T11:35:51+00:00,SOL,18.48,0.88,nan,17.6,kraken,okx
2026-07-16T11:35:51+00:00,XRP,11.49,7.94,nan,3.55,kraken,okx
2026-07-16T11:45:57+00:00,BTC,8.71,4.3,nan,4.42,kraken,okx
2026-07-16T11:45:57+00:00,ETH,19.91,5.26,nan,14.65,kraken,okx
2026-07-16T11:45:57+00:00,SOL,18.44,0.77,nan,17.67,kraken,okx
2026-07-16T11:45:57+00:00,XRP,11.47,8.14,nan,3.33,kraken,okx
2026-07-16T11:56:03+00:00,BTC,8.72,4.32,nan,4.4,kraken,okx
2026-07-16T11:56:03+00:00,ETH,19.93,5.27,nan,14.67,kraken,okx
2026-07-16T11:56:03+00:00,SOL,18.45,0.7,nan,17.75,kraken,okx
2026-07-16T11:56:03+00:00,XRP,11.48,8.57,nan,2.91,kraken,okx
2026-07-16T12:06:09+00:00,BTC,10.61,4.25,nan,6.37,kraken,okx
2026-07-16T12:06:09+00:00,ETH,14.01,5.09,nan,8.92,kraken,okx
2026-07-16T12:06:09+00:00,SOL,2.16,0.25,nan,1.92,kraken,okx
2026-07-16T12:06:09+00:00,XRP,19.08,8.69,nan,10.39,kraken,okx
2026-07-16T12:16:15+00:00,BTC,10.62,4.1,nan,6.52,kraken,okx
2026-07-16T12:16:15+00:00,ETH,14.03,4.96,nan,9.07,kraken,okx
2026-07-16T12:16:15+00:00,SOL,2.17,-0.24,nan,2.41,kraken,okx
2026-07-16T12:16:15+00:00,XRP,19.12,8.5,nan,10.61,kraken,okx
2026-07-16T12:26:21+00:00,BTC,10.62,4.22,nan,6.4,kraken,okx
2026-07-16T12:26:21+00:00,ETH,14.03,5.02,nan,9.01,kraken,okx
2026-07-16T12:26:21+00:00,SOL,2.16,-0.25,nan,2.41,kraken,okx
2026-07-16T12:26:21+00:00,XRP,19.12,8.57,nan,10.55,kraken,okx
2026-07-16T12:36:27+00:00,BTC,10.62,4.32,nan,6.3,kraken,okx
2026-07-16T12:36:27+00:00,ETH,14.02,4.93,nan,9.09,kraken,okx
2026-07-16T12:36:27+00:00,SOL,2.16,-0.29,nan,2.45,kraken,okx
2026-07-16T12:36:27+00:00,XRP,19.13,8.83,nan,10.3,kraken,okx
2026-07-16T12:46:33+00:00,BTC,10.65,4.2,nan,6.46,kraken,okx
2026-07-16T12:46:33+00:00,ETH,14.09,4.69,nan,9.4,kraken,okx
2026-07-16T12:46:33+00:00,SOL,2.17,-0.64,nan,2.81,kraken,okx
2026-07-16T12:46:33+00:00,XRP,19.24,8.26,nan,10.97,kraken,okx
2026-07-16T12:56:39+00:00,BTC,10.64,4.34,nan,6.3,kraken,okx
2026-07-16T12:56:39+00:00,ETH,14.07,4.65,nan,9.42,kraken,okx
2026-07-16T12:56:39+00:00,SOL,2.17,-0.54,nan,2.71,kraken,okx
2026-07-16T12:56:39+00:00,XRP,19.21,8.09,nan,11.12,kraken,okx
2026-07-16T13:06:44+00:00,BTC,13.63,4.4,nan,9.23,kraken,okx
2026-07-16T13:06:44+00:00,ETH,12.96,4.62,nan,8.34,kraken,okx
2026-07-16T13:06:44+00:00,SOL,11.27,-0.62,nan,11.9,kraken,okx
2026-07-16T13:06:44+00:00,XRP,12.67,7.67,nan,5.0,kraken,okx
2026-07-16T13:16:51+00:00,BTC,13.61,4.67,nan,8.94,kraken,okx
2026-07-16T13:16:51+00:00,ETH,12.92,4.76,nan,8.16,kraken,okx
2026-07-16T13:16:51+00:00,SOL,11.24,-0.1,nan,11.35,kraken,okx
2026-07-16T13:16:51+00:00,XRP,12.64,7.74,nan,4.9,kraken,okx
2026-07-16T13:26:57+00:00,BTC,13.59,4.81,nan,8.78,kraken,okx
2026-07-16T13:26:57+00:00,ETH,12.89,4.66,nan,8.23,kraken,okx
2026-07-16T13:26:57+00:00,SOL,11.21,0.35,nan,10.86,kraken,okx
2026-07-16T13:26:57+00:00,XRP,12.59,8.07,nan,4.52,kraken,okx
2026-07-16T13:37:03+00:00,BTC,13.53,4.93,nan,8.6,kraken,okx
2026-07-16T13:37:03+00:00,ETH,12.84,4.38,nan,8.45,kraken,okx
2026-07-16T13:37:03+00:00,SOL,11.18,0.34,nan,10.84,kraken,okx
2026-07-16T13:37:03+00:00,XRP,12.56,8.29,nan,4.27,kraken,okx
2026-07-16T13:47:09+00:00,BTC,13.58,4.6,nan,8.98,kraken,okx
2026-07-16T13:47:09+00:00,ETH,12.9,4.1,nan,8.8,kraken,okx
2026-07-16T13:47:09+00:00,SOL,11.22,0.39,nan,10.83,kraken,okx
2026-07-16T13:47:09+00:00,XRP,12.6,8.37,nan,4.24,kraken,okx
2026-07-16T13:57:15+00:00,BTC,13.57,4.28,nan,9.29,kraken,okx
2026-07-16T13:57:15+00:00,ETH,12.9,3.84,nan,9.06,kraken,okx
2026-07-16T13:57:15+00:00,SOL,11.22,0.26,nan,10.96,kraken,okx
2026-07-16T13:57:15+00:00,XRP,12.59,8.69,nan,3.9,kraken,okx
2026-07-16T14:07:21+00:00,BTC,8.42,3.94,nan,4.48,kraken,okx
2026-07-16T14:07:21+00:00,ETH,13.29,3.71,nan,9.59,kraken,okx
2026-07-16T14:07:21+00:00,SOL,30.1,0.52,nan,29.59,kraken,okx
2026-07-16T14:07:21+00:00,XRP,13.83,8.97,nan,4.86,kraken,okx
2026-07-16T14:17:28+00:00,BTC,8.39,3.72,nan,4.67,kraken,okx
2026-07-16T14:17:28+00:00,ETH,13.26,3.55,nan,9.71,kraken,okx
2026-07-16T14:17:28+00:00,SOL,30.06,0.8,nan,29.27,kraken,okx
2026-07-16T14:17:28+00:00,XRP,13.8,9.51,nan,4.29,kraken,okx
2026-07-16T14:27:34+00:00,BTC,8.39,3.24,nan,5.15,kraken,okx
2026-07-16T14:27:34+00:00,ETH,13.29,3.23,nan,10.05,kraken,okx
2026-07-16T14:27:34+00:00,SOL,30.09,0.51,nan,29.58,kraken,okx
2026-07-16T14:27:34+00:00,XRP,13.8,10.01,nan,3.79,kraken,okx
2026-07-16T14:37:40+00:00,BTC,8.38,3.08,nan,5.31,kraken,okx
2026-07-16T14:37:40+00:00,ETH,13.28,3.1,nan,10.18,kraken,okx
2026-07-16T14:37:40+00:00,SOL,30.08,0.62,nan,29.45,kraken,okx
2026-07-16T14:37:40+00:00,XRP,13.77,10.38,nan,3.39,kraken,okx
2026-07-16T14:47:47+00:00,BTC,8.39,2.68,nan,5.71,kraken,okx
2026-07-16T14:47:47+00:00,ETH,13.29,2.84,nan,10.45,kraken,okx
2026-07-16T14:47:47+00:00,SOL,30.09,0.37,nan,29.72,kraken,okx
2026-07-16T14:47:47+00:00,XRP,13.77,10.46,nan,3.3,kraken,okx
2026-07-16T14:57:54+00:00,BTC,8.41,2.3,nan,6.12,kraken,okx
2026-07-16T14:57:54+00:00,ETH,13.33,2.61,nan,10.72,kraken,okx
2026-07-16T14:57:54+00:00,SOL,30.19,0.25,nan,29.94,kraken,okx
2026-07-16T14:57:54+00:00,XRP,13.83,10.47,nan,3.36,kraken,okx
2026-07-16T15:08:00+00:00,BTC,1.66,2.04,nan,0.38,okx,kraken
2026-07-16T15:08:00+00:00,ETH,21.31,2.67,nan,18.64,kraken,okx
2026-07-16T15:08:00+00:00,SOL,28.5,0.19,nan,28.31,kraken,okx
2026-07-16T15:08:00+00:00,XRP,12.09,10.58,nan,1.51,kraken,okx
2026-07-16T15:18:06+00:00,BTC,1.66,2.0,nan,0.34,okx,kraken
2026-07-16T15:18:06+00:00,ETH,21.3,2.97,nan,18.33,kraken,okx
2026-07-16T15:18:06+00:00,SOL,28.5,0.17,nan,28.33,kraken,okx
2026-07-16T15:18:06+00:00,XRP,12.07,10.65,nan,1.42,kraken,okx
2026-07-16T15:28:13+00:00,BTC,1.65,1.91,nan,0.26,okx,kraken
2026-07-16T15:28:13+00:00,ETH,21.17,3.66,nan,17.51,kraken,okx
2026-07-16T15:28:13+00:00,SOL,28.31,0.44,nan,27.86,kraken,okx
2026-07-16T15:28:13+00:00,XRP,12.0,10.95,nan,1.05,kraken,okx
2026-07-16T15:38:19+00:00,BTC,1.65,1.76,nan,0.11,okx,kraken
2026-07-16T15:38:19+00:00,ETH,21.2,3.71,nan,17.49,kraken,okx
2026-07-16T15:38:19+00:00,SOL,28.32,0.91,nan,27.42,kraken,okx
2026-07-16T15:38:19+00:00,XRP,12.0,10.95,nan,1.05,kraken,okx
2026-07-16T15:48:25+00:00,BTC,1.65,1.66,nan,0.01,okx,kraken
2026-07-16T15:48:25+00:00,ETH,21.27,3.8,nan,17.47,kraken,okx
2026-07-16T15:48:25+00:00,SOL,28.32,1.3,nan,27.02,kraken,okx
2026-07-16T15:48:25+00:00,XRP,12.01,10.95,nan,1.06,kraken,okx
2026-07-16T15:58:32+00:00,BTC,1.65,1.6,nan,0.05,kraken,okx
2026-07-16T15:58:32+00:00,ETH,21.24,3.96,nan,17.28,kraken,okx
2026-07-16T15:58:32+00:00,SOL,28.32,1.52,nan,26.81,kraken,okx
2026-07-16T15:58:32+00:00,XRP,12.02,10.95,nan,1.07,kraken,okx
2026-07-16T16:08:39+00:00,BTC,1.57,1.79,nan,0.22,okx,kraken
2026-07-16T16:08:39+00:00,ETH,22.17,4.11,nan,18.06,kraken,okx
2026-07-16T16:08:39+00:00,SOL,17.94,1.82,nan,16.13,kraken,okx
2026-07-16T16:08:39+00:00,XRP,9.25,10.95,nan,1.7,okx,kraken
2026-07-16T16:29:09+00:00,BTC,1.57,2.14,nan,0.57,okx,kraken
2026-07-16T16:29:09+00:00,ETH,22.16,4.6,nan,17.56,kraken,okx
2026-07-16T16:29:09+00:00,SOL,17.98,2.32,nan,15.66,kraken,okx
2026-07-16T16:29:09+00:00,XRP,9.26,10.95,nan,1.69,okx,kraken
2026-07-16T16:39:17+00:00,BTC,1.57,2.26,nan,0.69,okx,kraken
2026-07-16T16:39:17+00:00,ETH,22.19,4.78,nan,17.4,kraken,okx
2026-07-16T16:39:17+00:00,SOL,18.01,2.5,nan,15.51,kraken,okx
2026-07-16T16:39:17+00:00,XRP,9.28,10.89,nan,1.61,okx,kraken
2026-07-16T16:49:25+00:00,BTC,1.57,2.3,nan,0.72,okx,kraken
2026-07-16T16:49:25+00:00,ETH,22.2,4.72,nan,17.48,kraken,okx
2026-07-16T16:49:25+00:00,SOL,18.01,2.73,nan,15.29,kraken,okx
2026-07-16T16:49:25+00:00,XRP,9.28,10.54,nan,1.26,okx,kraken
2026-07-16T16:59:32+00:00,BTC,1.57,2.74,nan,1.17,okx,kraken
2026-07-16T16:59:32+00:00,ETH,22.17,5.29,nan,16.88,kraken,okx
2026-07-16T16:59:32+00:00,SOL,17.99,3.13,nan,14.86,kraken,okx
2026-07-16T16:59:32+00:00,XRP,9.28,10.55,nan,1.27,okx,kraken
2026-07-16T17:09:40+00:00,BTC,1.45,3.11,nan,1.66,okx,kraken
2026-07-16T17:09:40+00:00,ETH,15.72,5.63,nan,10.1,kraken,okx
2026-07-16T17:09:40+00:00,SOL,2.4,3.24,nan,0.84,okx,kraken
2026-07-16T17:09:40+00:00,XRP,11.04,10.39,nan,0.65,kraken,okx
2026-07-16T17:19:47+00:00,BTC,1.46,3.38,nan,1.93,okx,kraken
2026-07-16T17:19:47+00:00,ETH,15.76,6.07,nan,9.69,kraken,okx
2026-07-16T17:19:47+00:00,SOL,2.4,3.22,nan,0.81,okx,kraken
2026-07-16T17:19:47+00:00,XRP,11.07,9.97,nan,1.09,kraken,okx
2026-07-16T17:29:55+00:00,BTC,1.46,3.87,nan,2.42,okx,kraken
2026-07-16T17:29:55+00:00,ETH,15.75,6.22,nan,9.53,kraken,okx
2026-07-16T17:29:55+00:00,SOL,2.41,3.53,nan,1.12,okx,kraken
2026-07-16T17:29:55+00:00,XRP,11.08,9.69,nan,1.39,kraken,okx
2026-07-16T17:40:03+00:00,BTC,1.46,4.4,nan,2.94,okx,kraken
2026-07-16T17:40:03+00:00,ETH,15.73,6.82,nan,8.92,kraken,okx
2026-07-16T17:40:03+00:00,SOL,2.4,3.75,nan,1.35,okx,kraken
2026-07-16T17:40:03+00:00,XRP,11.05,9.68,nan,1.38,kraken,okx
2026-07-16T17:50:11+00:00,BTC,1.46,4.84,nan,3.38,okx,kraken
2026-07-16T17:50:11+00:00,ETH,15.76,7.25,nan,8.51,kraken,okx
2026-07-16T17:50:11+00:00,SOL,2.4,3.87,nan,1.46,okx,kraken
2026-07-16T17:50:11+00:00,XRP,11.07,9.43,nan,1.64,kraken,okx
2026-07-16T18:00:18+00:00,BTC,0.88,5.2,nan,4.32,okx,kraken
2026-07-16T18:00:18+00:00,ETH,1.41,7.6,nan,6.19,okx,kraken
2026-07-16T18:00:18+00:00,SOL,-20.69,3.77,nan,24.46,okx,kraken
2026-07-16T18:00:18+00:00,XRP,-1.82,9.12,nan,10.94,okx,kraken
2026-07-16T18:10:26+00:00,BTC,0.88,5.75,nan,4.87,okx,kraken
2026-07-16T18:10:26+00:00,ETH,1.4,7.79,nan,6.39,okx,kraken
2026-07-16T18:10:26+00:00,SOL,-20.66,3.66,nan,24.32,okx,kraken
2026-07-16T18:10:26+00:00,XRP,-1.82,8.91,nan,10.73,okx,kraken
